acquisition	design	variant	contrast	logfc_floor	n_called	tp	fp	fdp	sensitivity
ms3	balanced	protein_drop_mixed_robust_noridge_msqrob2	1 - 0.667	0	38	35	3	0.0789473684210526	0.875
ms3	balanced	protein_drop_mixed_robust_noridge_msqrob2	1 - 0.5	0	47	37	10	0.212765957446809	0.925
ms3	balanced	protein_drop_mixed_robust_noridge_msqrob2	1 - 0.125	0	56	40	16	0.285714285714286	1
ms3	balanced	protein_drop_mixed_robust_noridge_msqrob2	0.667 - 0.5	0	35	32	3	0.0857142857142857	0.8
ms3	balanced	protein_drop_mixed_robust_noridge_msqrob2	0.667 - 0.125	0	51	40	11	0.215686274509804	1
ms3	balanced	protein_drop_mixed_robust_noridge_msqrob2	0.5 - 0.125	0	45	39	6	0.133333333333333	0.975
ms3	balanced	protein_drop_naive_robust_noridge_msqrob2	1 - 0.667	0	1	1	0	0	0.025
ms3	balanced	protein_drop_naive_robust_noridge_msqrob2	1 - 0.5	0	20	20	0	0	0.5
ms3	balanced	protein_drop_naive_robust_noridge_msqrob2	1 - 0.125	0	37	36	1	0.027027027027027	0.9
ms3	balanced	protein_drop_naive_robust_noridge_msqrob2	0.667 - 0.5	0	0	0	0	NA	0
ms3	balanced	protein_drop_naive_robust_noridge_msqrob2	0.667 - 0.125	0	34	34	0	0	0.85
ms3	balanced	protein_drop_naive_robust_noridge_msqrob2	0.5 - 0.125	0	29	29	0	0	0.725
ms3	balanced	protein_drop_mixed_ls_noridge_msqrob2	1 - 0.667	0	35	34	1	0.0285714285714286	0.85
ms3	balanced	protein_drop_mixed_ls_noridge_msqrob2	1 - 0.5	0	38	37	1	0.0263157894736842	0.925
ms3	balanced	protein_drop_mixed_ls_noridge_msqrob2	1 - 0.125	0	45	39	6	0.133333333333333	0.975
ms3	balanced	protein_drop_mixed_ls_noridge_msqrob2	0.667 - 0.5	0	29	27	2	0.0689655172413793	0.675
ms3	balanced	protein_drop_mixed_ls_noridge_msqrob2	0.667 - 0.125	0	44	39	5	0.113636363636364	0.975
ms3	balanced	protein_drop_mixed_ls_noridge_msqrob2	0.5 - 0.125	0	41	38	3	0.0731707317073171	0.95
ms3	balanced	protein_drop_naive_ls_noridge_msqrob2	1 - 0.667	0	1	1	0	0	0.025
ms3	balanced	protein_drop_naive_ls_noridge_msqrob2	1 - 0.5	0	15	15	0	0	0.375
ms3	balanced	protein_drop_naive_ls_noridge_msqrob2	1 - 0.125	0	37	36	1	0.027027027027027	0.9
ms3	balanced	protein_drop_naive_ls_noridge_msqrob2	0.667 - 0.5	0	0	0	0	NA	0
ms3	balanced	protein_drop_naive_ls_noridge_msqrob2	0.667 - 0.125	0	33	33	0	0	0.825
ms3	balanced	protein_drop_naive_ls_noridge_msqrob2	0.5 - 0.125	0	28	28	0	0	0.7
ms3	balanced	protein_keep_mixed_robust_noridge_msqrob2	1 - 0.667	0	40	36	4	0.1	0.9
ms3	balanced	protein_keep_mixed_robust_noridge_msqrob2	1 - 0.5	0	41	37	4	0.0975609756097561	0.925
ms3	balanced	protein_keep_mixed_robust_noridge_msqrob2	1 - 0.125	0	56	40	16	0.285714285714286	1
ms3	balanced	protein_keep_mixed_robust_noridge_msqrob2	0.667 - 0.5	0	35	32	3	0.0857142857142857	0.8
ms3	balanced	protein_keep_mixed_robust_noridge_msqrob2	0.667 - 0.125	0	47	40	7	0.148936170212766	1
ms3	balanced	protein_keep_mixed_robust_noridge_msqrob2	0.5 - 0.125	0	46	39	7	0.152173913043478	0.975
ms3	balanced	protein_keep_naive_robust_noridge_msqrob2	1 - 0.667	0	1	1	0	0	0.025
ms3	balanced	protein_keep_naive_robust_noridge_msqrob2	1 - 0.5	0	20	20	0	0	0.5
ms3	balanced	protein_keep_naive_robust_noridge_msqrob2	1 - 0.125	0	37	36	1	0.027027027027027	0.9
ms3	balanced	protein_keep_naive_robust_noridge_msqrob2	0.667 - 0.5	0	0	0	0	NA	0
ms3	balanced	protein_keep_naive_robust_noridge_msqrob2	0.667 - 0.125	0	35	34	1	0.0285714285714286	0.85
ms3	balanced	protein_keep_naive_robust_noridge_msqrob2	0.5 - 0.125	0	29	29	0	0	0.725
ms3	balanced	protein_keep_mixed_ls_noridge_msqrob2	1 - 0.667	0	34	33	1	0.0294117647058824	0.825
ms3	balanced	protein_keep_mixed_ls_noridge_msqrob2	1 - 0.5	0	38	37	1	0.0263157894736842	0.925
ms3	balanced	protein_keep_mixed_ls_noridge_msqrob2	1 - 0.125	0	45	40	5	0.111111111111111	1
ms3	balanced	protein_keep_mixed_ls_noridge_msqrob2	0.667 - 0.5	0	28	26	2	0.0714285714285714	0.65
ms3	balanced	protein_keep_mixed_ls_noridge_msqrob2	0.667 - 0.125	0	43	40	3	0.0697674418604651	1
ms3	balanced	protein_keep_mixed_ls_noridge_msqrob2	0.5 - 0.125	0	41	39	2	0.0487804878048781	0.975
ms3	balanced	protein_keep_naive_ls_noridge_msqrob2	1 - 0.667	0	1	1	0	0	0.025
ms3	balanced	protein_keep_naive_ls_noridge_msqrob2	1 - 0.5	0	15	15	0	0	0.375
ms3	balanced	protein_keep_naive_ls_noridge_msqrob2	1 - 0.125	0	37	36	1	0.027027027027027	0.9
ms3	balanced	protein_keep_naive_ls_noridge_msqrob2	0.667 - 0.5	0	0	0	0	NA	0
ms3	balanced	protein_keep_naive_ls_noridge_msqrob2	0.667 - 0.125	0	33	33	0	0	0.825
ms3	balanced	protein_keep_naive_ls_noridge_msqrob2	0.5 - 0.125	0	28	28	0	0	0.7
ms3	balanced	protein_ratio_mixed_robust_noridge_msqrob2	1 - 0.667	0	41	35	6	0.146341463414634	0.875
ms3	balanced	protein_ratio_mixed_robust_noridge_msqrob2	1 - 0.5	0	46	37	9	0.195652173913043	0.925
ms3	balanced	protein_ratio_mixed_robust_noridge_msqrob2	1 - 0.125	0	58	40	18	0.310344827586207	1
ms3	balanced	protein_ratio_mixed_robust_noridge_msqrob2	0.667 - 0.5	0	34	31	3	0.0882352941176471	0.775
ms3	balanced	protein_ratio_mixed_robust_noridge_msqrob2	0.667 - 0.125	0	49	40	9	0.183673469387755	1
ms3	balanced	protein_ratio_mixed_robust_noridge_msqrob2	0.5 - 0.125	0	46	39	7	0.152173913043478	0.975
ms3	balanced	protein_ratio_naive_robust_noridge_msqrob2	1 - 0.667	0	33	33	0	0	0.825
ms3	balanced	protein_ratio_naive_robust_noridge_msqrob2	1 - 0.5	0	38	37	1	0.0263157894736842	0.925
ms3	balanced	protein_ratio_naive_robust_noridge_msqrob2	1 - 0.125	0	46	40	6	0.130434782608696	1
ms3	balanced	protein_ratio_naive_robust_noridge_msqrob2	0.667 - 0.5	0	28	28	0	0	0.7
ms3	balanced	protein_ratio_naive_robust_noridge_msqrob2	0.667 - 0.125	0	41	40	1	0.024390243902439	1
ms3	balanced	protein_ratio_naive_robust_noridge_msqrob2	0.5 - 0.125	0	40	39	1	0.025	0.975
ms3	balanced	protein_ratio_mixed_ls_noridge_msqrob2	1 - 0.667	0	35	34	1	0.0285714285714286	0.85
ms3	balanced	protein_ratio_mixed_ls_noridge_msqrob2	1 - 0.5	0	38	37	1	0.0263157894736842	0.925
ms3	balanced	protein_ratio_mixed_ls_noridge_msqrob2	1 - 0.125	0	45	39	6	0.133333333333333	0.975
ms3	balanced	protein_ratio_mixed_ls_noridge_msqrob2	0.667 - 0.5	0	29	27	2	0.0689655172413793	0.675
ms3	balanced	protein_ratio_mixed_ls_noridge_msqrob2	0.667 - 0.125	0	45	40	5	0.111111111111111	1
ms3	balanced	protein_ratio_mixed_ls_noridge_msqrob2	0.5 - 0.125	0	41	38	3	0.0731707317073171	0.95
ms3	balanced	protein_ratio_naive_ls_noridge_msqrob2	1 - 0.667	0	29	29	0	0	0.725
ms3	balanced	protein_ratio_naive_ls_noridge_msqrob2	1 - 0.5	0	38	37	1	0.0263157894736842	0.925
ms3	balanced	protein_ratio_naive_ls_noridge_msqrob2	1 - 0.125	0	42	39	3	0.0714285714285714	0.975
ms3	balanced	protein_ratio_naive_ls_noridge_msqrob2	0.667 - 0.5	0	20	20	0	0	0.5
ms3	balanced	protein_ratio_naive_ls_noridge_msqrob2	0.667 - 0.125	0	40	39	1	0.025	0.975
ms3	balanced	protein_ratio_naive_ls_noridge_msqrob2	0.5 - 0.125	0	39	38	1	0.0256410256410256	0.95
ms3	balanced	protein_drop_run_only_robust_noridge_msqrob2	1 - 0.667	0	38	35	3	0.0789473684210526	0.875
ms3	balanced	protein_drop_run_only_robust_noridge_msqrob2	1 - 0.5	0	47	37	10	0.212765957446809	0.925
ms3	balanced	protein_drop_run_only_robust_noridge_msqrob2	1 - 0.125	0	56	40	16	0.285714285714286	1
ms3	balanced	protein_drop_run_only_robust_noridge_msqrob2	0.667 - 0.5	0	35	32	3	0.0857142857142857	0.8
ms3	balanced	protein_drop_run_only_robust_noridge_msqrob2	0.667 - 0.125	0	51	40	11	0.215686274509804	1
ms3	balanced	protein_drop_run_only_robust_noridge_msqrob2	0.5 - 0.125	0	45	39	6	0.133333333333333	0.975
ms3	balanced	protein_drop_mixed_robust_ridge_msqrob2	1 - 0.667	0	36	35	1	0.0277777777777778	0.875
ms3	balanced	protein_drop_mixed_robust_ridge_msqrob2	1 - 0.5	0	39	37	2	0.0512820512820513	0.925
ms3	balanced	protein_drop_mixed_robust_ridge_msqrob2	1 - 0.125	0	45	40	5	0.111111111111111	1
ms3	balanced	protein_drop_mixed_robust_ridge_msqrob2	0.667 - 0.5	0	33	31	2	0.0606060606060606	0.775
ms3	balanced	protein_drop_mixed_robust_ridge_msqrob2	0.667 - 0.125	0	44	40	4	0.0909090909090909	1
ms3	balanced	protein_drop_mixed_robust_ridge_msqrob2	0.5 - 0.125	0	42	39	3	0.0714285714285714	0.975
ms3	balanced	protein_drop_dupcor_mixture_ls_noridge_limma	1 - 0.667	0	7	7	0	0	0.175
ms3	balanced	protein_drop_dupcor_mixture_ls_noridge_limma	1 - 0.5	0	26	24	2	0.0769230769230769	0.6
ms3	balanced	protein_drop_dupcor_mixture_ls_noridge_limma	1 - 0.125	0	39	37	2	0.0512820512820513	0.925
ms3	balanced	protein_drop_dupcor_mixture_ls_noridge_limma	0.667 - 0.5	0	0	0	0	NA	0
ms3	balanced	protein_drop_dupcor_mixture_ls_noridge_limma	0.667 - 0.125	0	37	35	2	0.0540540540540541	0.875
ms3	balanced	protein_drop_dupcor_mixture_ls_noridge_limma	0.5 - 0.125	0	37	33	4	0.108108108108108	0.825
ms3	balanced	protein_keep_dupcor_mixture_ls_noridge_limma	1 - 0.667	0	8	8	0	0	0.2
ms3	balanced	protein_keep_dupcor_mixture_ls_noridge_limma	1 - 0.5	0	28	25	3	0.107142857142857	0.625
ms3	balanced	protein_keep_dupcor_mixture_ls_noridge_limma	1 - 0.125	0	40	37	3	0.075	0.925
ms3	balanced	protein_keep_dupcor_mixture_ls_noridge_limma	0.667 - 0.5	0	1	1	0	0	0.025
ms3	balanced	protein_keep_dupcor_mixture_ls_noridge_limma	0.667 - 0.125	0	36	35	1	0.0277777777777778	0.875
ms3	balanced	protein_keep_dupcor_mixture_ls_noridge_limma	0.5 - 0.125	0	35	33	2	0.0571428571428571	0.825
ms3	balanced	protein_ratio_dupcor_mixture_ls_noridge_limma	1 - 0.667	0	32	32	0	0	0.8
ms3	balanced	protein_ratio_dupcor_mixture_ls_noridge_limma	1 - 0.5	0	40	37	3	0.075	0.925
ms3	balanced	protein_ratio_dupcor_mixture_ls_noridge_limma	1 - 0.125	0	44	40	4	0.0909090909090909	1
ms3	balanced	protein_ratio_dupcor_mixture_ls_noridge_limma	0.667 - 0.5	0	25	25	0	0	0.625
ms3	balanced	protein_ratio_dupcor_mixture_ls_noridge_limma	0.667 - 0.125	0	42	40	2	0.0476190476190476	1
ms3	balanced	protein_ratio_dupcor_mixture_ls_noridge_limma	0.5 - 0.125	0	42	38	4	0.0952380952380952	0.95
ms3	balanced	psm_drop_mixed_robust_noridge_msqrob2	1 - 0.667	0	40	35	5	0.125	0.875
ms3	balanced	psm_drop_mixed_robust_noridge_msqrob2	1 - 0.5	0	44	38	6	0.136363636363636	0.95
ms3	balanced	psm_drop_mixed_robust_noridge_msqrob2	1 - 0.125	0	57	40	17	0.298245614035088	1
ms3	balanced	psm_drop_mixed_robust_noridge_msqrob2	0.667 - 0.5	0	36	31	5	0.138888888888889	0.775
ms3	balanced	psm_drop_mixed_robust_noridge_msqrob2	0.667 - 0.125	0	46	40	6	0.130434782608696	1
ms3	balanced	psm_drop_mixed_robust_noridge_msqrob2	0.5 - 0.125	0	45	39	6	0.133333333333333	0.975
ms3	balanced	psm_keep_mixed_robust_noridge_msqrob2	1 - 0.667	0	39	36	3	0.0769230769230769	0.9
ms3	balanced	psm_keep_mixed_robust_noridge_msqrob2	1 - 0.5	0	46	38	8	0.173913043478261	0.95
ms3	balanced	psm_keep_mixed_robust_noridge_msqrob2	1 - 0.125	0	60	40	20	0.333333333333333	1
ms3	balanced	psm_keep_mixed_robust_noridge_msqrob2	0.667 - 0.5	0	37	33	4	0.108108108108108	0.825
ms3	balanced	psm_keep_mixed_robust_noridge_msqrob2	0.667 - 0.125	0	48	40	8	0.166666666666667	1
ms3	balanced	psm_keep_mixed_robust_noridge_msqrob2	0.5 - 0.125	0	43	39	4	0.0930232558139535	0.975
ms3	balanced	psm_drop_mixed_ls_noridge_msqrob2	1 - 0.667	0	33	33	0	0	0.825
ms3	balanced	psm_drop_mixed_ls_noridge_msqrob2	1 - 0.5	0	39	37	2	0.0512820512820513	0.925
ms3	balanced	psm_drop_mixed_ls_noridge_msqrob2	1 - 0.125	0	50	39	11	0.22	0.975
ms3	balanced	psm_drop_mixed_ls_noridge_msqrob2	0.667 - 0.5	0	24	23	1	0.0416666666666667	0.575
ms3	balanced	psm_drop_mixed_ls_noridge_msqrob2	0.667 - 0.125	0	47	40	7	0.148936170212766	1
ms3	balanced	psm_drop_mixed_ls_noridge_msqrob2	0.5 - 0.125	0	44	39	5	0.113636363636364	0.975
ms3	balanced	psm_drop_mixed_robust_ridge_msqrob2	1 - 0.667	0	35	35	0	0	0.875
ms3	balanced	psm_drop_mixed_robust_ridge_msqrob2	1 - 0.5	0	39	37	2	0.0512820512820513	0.925
ms3	balanced	psm_drop_mixed_robust_ridge_msqrob2	1 - 0.125	0	49	40	9	0.183673469387755	1
ms3	balanced	psm_drop_mixed_robust_ridge_msqrob2	0.667 - 0.5	0	31	31	0	0	0.775
ms3	balanced	psm_drop_mixed_robust_ridge_msqrob2	0.667 - 0.125	0	44	40	4	0.0909090909090909	1
ms3	balanced	psm_drop_mixed_robust_ridge_msqrob2	0.5 - 0.125	0	42	39	3	0.0714285714285714	0.975
ms3	unbalanced	protein_drop_mixed_robust_noridge_msqrob2	1 - 0.667	0	36	33	3	0.0833333333333333	0.825
ms3	unbalanced	protein_drop_mixed_robust_noridge_msqrob2	1 - 0.5	0	50	36	14	0.28	0.9
ms3	unbalanced	protein_drop_mixed_robust_noridge_msqrob2	1 - 0.125	0	50	37	13	0.26	0.925
ms3	unbalanced	protein_drop_mixed_robust_noridge_msqrob2	0.667 - 0.5	0	24	18	6	0.25	0.45
ms3	unbalanced	protein_drop_mixed_robust_noridge_msqrob2	0.667 - 0.125	0	50	36	14	0.28	0.9
ms3	unbalanced	protein_drop_mixed_robust_noridge_msqrob2	0.5 - 0.125	0	39	36	3	0.0769230769230769	0.9
ms3	unbalanced	protein_drop_naive_robust_noridge_msqrob2	1 - 0.667	0	0	0	0	NA	0
ms3	unbalanced	protein_drop_naive_robust_noridge_msqrob2	1 - 0.5	0	63	16	47	0.746031746031746	0.4
ms3	unbalanced	protein_drop_naive_robust_noridge_msqrob2	1 - 0.125	0	90	35	55	0.611111111111111	0.875
ms3	unbalanced	protein_drop_naive_robust_noridge_msqrob2	0.667 - 0.5	0	51	4	47	0.92156862745098	0.1
ms3	unbalanced	protein_drop_naive_robust_noridge_msqrob2	0.667 - 0.125	0	99	30	69	0.696969696969697	0.75
ms3	unbalanced	protein_drop_naive_robust_noridge_msqrob2	0.5 - 0.125	0	24	24	0	0	0.6
ms3	unbalanced	protein_drop_dupcor_mixture_ls_noridge_limma	1 - 0.667	0	3	3	0	0	0.075
ms3	unbalanced	protein_drop_dupcor_mixture_ls_noridge_limma	1 - 0.5	0	31	11	20	0.645161290322581	0.275
ms3	unbalanced	protein_drop_dupcor_mixture_ls_noridge_limma	1 - 0.125	0	56	31	25	0.446428571428571	0.775
ms3	unbalanced	protein_drop_dupcor_mixture_ls_noridge_limma	0.667 - 0.5	0	25	0	25	1	0
ms3	unbalanced	protein_drop_dupcor_mixture_ls_noridge_limma	0.667 - 0.125	0	62	29	33	0.532258064516129	0.725
ms3	unbalanced	protein_drop_dupcor_mixture_ls_noridge_limma	0.5 - 0.125	0	26	26	0	0	0.65
ms2	balanced	protein_drop_mixed_robust_noridge_msqrob2	1 - 0.667	0	56	40	16	0.285714285714286	1
ms2	balanced	protein_drop_mixed_robust_noridge_msqrob2	1 - 0.5	0	50	40	10	0.2	1
ms2	balanced	protein_drop_mixed_robust_noridge_msqrob2	1 - 0.125	0	77	40	37	0.480519480519481	1
ms2	balanced	protein_drop_mixed_robust_noridge_msqrob2	0.667 - 0.5	0	37	35	2	0.0540540540540541	0.875
ms2	balanced	protein_drop_mixed_robust_noridge_msqrob2	0.667 - 0.125	0	46	40	6	0.130434782608696	1
ms2	balanced	protein_drop_mixed_robust_noridge_msqrob2	0.5 - 0.125	0	48	40	8	0.166666666666667	1
ms2	balanced	protein_drop_naive_robust_noridge_msqrob2	1 - 0.667	0	1	1	0	0	0.025
ms2	balanced	protein_drop_naive_robust_noridge_msqrob2	1 - 0.5	0	10	10	0	0	0.25
ms2	balanced	protein_drop_naive_robust_noridge_msqrob2	1 - 0.125	0	32	32	0	0	0.8
ms2	balanced	protein_drop_naive_robust_noridge_msqrob2	0.667 - 0.5	0	0	0	0	NA	0
ms2	balanced	protein_drop_naive_robust_noridge_msqrob2	0.667 - 0.125	0	28	28	0	0	0.7
ms2	balanced	protein_drop_naive_robust_noridge_msqrob2	0.5 - 0.125	0	18	18	0	0	0.45
ms2	balanced	protein_drop_dupcor_mixture_ls_noridge_limma	1 - 0.667	0	4	4	0	0	0.1
ms2	balanced	protein_drop_dupcor_mixture_ls_noridge_limma	1 - 0.5	0	22	20	2	0.0909090909090909	0.5
ms2	balanced	protein_drop_dupcor_mixture_ls_noridge_limma	1 - 0.125	0	36	36	0	0	0.9
ms2	balanced	protein_drop_dupcor_mixture_ls_noridge_limma	0.667 - 0.5	0	1	1	0	0	0.025
ms2	balanced	protein_drop_dupcor_mixture_ls_noridge_limma	0.667 - 0.125	0	30	30	0	0	0.75
ms2	balanced	protein_drop_dupcor_mixture_ls_noridge_limma	0.5 - 0.125	0	26	26	0	0	0.65
ms3	balanced	protein_drop_mixed_robust_noridge_msqrob2	1 - 0.667	0.1	36	35	1	0.0277777777777778	0.875
ms3	balanced	protein_drop_mixed_robust_noridge_msqrob2	1 - 0.5	0.1	44	37	7	0.159090909090909	0.925
ms3	balanced	protein_drop_mixed_robust_noridge_msqrob2	1 - 0.125	0.1	46	40	6	0.130434782608696	1
ms3	balanced	protein_drop_mixed_robust_noridge_msqrob2	0.667 - 0.5	0.1	32	32	0	0	0.8
ms3	balanced	protein_drop_mixed_robust_noridge_msqrob2	0.667 - 0.125	0.1	44	40	4	0.0909090909090909	1
ms3	balanced	protein_drop_mixed_robust_noridge_msqrob2	0.5 - 0.125	0.1	45	39	6	0.133333333333333	0.975
ms3	balanced	protein_drop_naive_robust_noridge_msqrob2	1 - 0.667	0.1	1	1	0	0	0.025
ms3	balanced	protein_drop_naive_robust_noridge_msqrob2	1 - 0.5	0.1	20	20	0	0	0.5
ms3	balanced	protein_drop_naive_robust_noridge_msqrob2	1 - 0.125	0.1	37	36	1	0.027027027027027	0.9
ms3	balanced	protein_drop_naive_robust_noridge_msqrob2	0.667 - 0.5	0.1	0	0	0	NA	0
ms3	balanced	protein_drop_naive_robust_noridge_msqrob2	0.667 - 0.125	0.1	34	34	0	0	0.85
ms3	balanced	protein_drop_naive_robust_noridge_msqrob2	0.5 - 0.125	0.1	29	29	0	0	0.725
ms3	balanced	protein_drop_mixed_ls_noridge_msqrob2	1 - 0.667	0.1	35	34	1	0.0285714285714286	0.85
ms3	balanced	protein_drop_mixed_ls_noridge_msqrob2	1 - 0.5	0.1	38	37	1	0.0263157894736842	0.925
ms3	balanced	protein_drop_mixed_ls_noridge_msqrob2	1 - 0.125	0.1	43	39	4	0.0930232558139535	0.975
ms3	balanced	protein_drop_mixed_ls_noridge_msqrob2	0.667 - 0.5	0.1	28	27	1	0.0357142857142857	0.675
ms3	balanced	protein_drop_mixed_ls_noridge_msqrob2	0.667 - 0.125	0.1	41	39	2	0.0487804878048781	0.975
ms3	balanced	protein_drop_mixed_ls_noridge_msqrob2	0.5 - 0.125	0.1	41	38	3	0.0731707317073171	0.95
ms3	balanced	protein_drop_naive_ls_noridge_msqrob2	1 - 0.667	0.1	1	1	0	0	0.025
ms3	balanced	protein_drop_naive_ls_noridge_msqrob2	1 - 0.5	0.1	15	15	0	0	0.375
ms3	balanced	protein_drop_naive_ls_noridge_msqrob2	1 - 0.125	0.1	37	36	1	0.027027027027027	0.9
ms3	balanced	protein_drop_naive_ls_noridge_msqrob2	0.667 - 0.5	0.1	0	0	0	NA	0
ms3	balanced	protein_drop_naive_ls_noridge_msqrob2	0.667 - 0.125	0.1	33	33	0	0	0.825
ms3	balanced	protein_drop_naive_ls_noridge_msqrob2	0.5 - 0.125	0.1	28	28	0	0	0.7
ms3	balanced	protein_keep_mixed_robust_noridge_msqrob2	1 - 0.667	0.1	38	36	2	0.0526315789473684	0.9
ms3	balanced	protein_keep_mixed_robust_noridge_msqrob2	1 - 0.5	0.1	39	37	2	0.0512820512820513	0.925
ms3	balanced	protein_keep_mixed_robust_noridge_msqrob2	1 - 0.125	0.1	47	40	7	0.148936170212766	1
ms3	balanced	protein_keep_mixed_robust_noridge_msqrob2	0.667 - 0.5	0.1	32	32	0	0	0.8
ms3	balanced	protein_keep_mixed_robust_noridge_msqrob2	0.667 - 0.125	0.1	42	40	2	0.0476190476190476	1
ms3	balanced	protein_keep_mixed_robust_noridge_msqrob2	0.5 - 0.125	0.1	45	39	6	0.133333333333333	0.975
ms3	balanced	protein_keep_naive_robust_noridge_msqrob2	1 - 0.667	0.1	1	1	0	0	0.025
ms3	balanced	protein_keep_naive_robust_noridge_msqrob2	1 - 0.5	0.1	20	20	0	0	0.5
ms3	balanced	protein_keep_naive_robust_noridge_msqrob2	1 - 0.125	0.1	37	36	1	0.027027027027027	0.9
ms3	balanced	protein_keep_naive_robust_noridge_msqrob2	0.667 - 0.5	0.1	0	0	0	NA	0
ms3	balanced	protein_keep_naive_robust_noridge_msqrob2	0.667 - 0.125	0.1	35	34	1	0.0285714285714286	0.85
ms3	balanced	protein_keep_naive_robust_noridge_msqrob2	0.5 - 0.125	0.1	29	29	0	0	0.725
ms3	balanced	protein_keep_mixed_ls_noridge_msqrob2	1 - 0.667	0.1	34	33	1	0.0294117647058824	0.825
ms3	balanced	protein_keep_mixed_ls_noridge_msqrob2	1 - 0.5	0.1	38	37	1	0.0263157894736842	0.925
ms3	balanced	protein_keep_mixed_ls_noridge_msqrob2	1 - 0.125	0.1	44	40	4	0.0909090909090909	1
ms3	balanced	protein_keep_mixed_ls_noridge_msqrob2	0.667 - 0.5	0.1	27	26	1	0.037037037037037	0.65
ms3	balanced	protein_keep_mixed_ls_noridge_msqrob2	0.667 - 0.125	0.1	41	40	1	0.024390243902439	1
ms3	balanced	protein_keep_mixed_ls_noridge_msqrob2	0.5 - 0.125	0.1	41	39	2	0.0487804878048781	0.975
ms3	balanced	protein_keep_naive_ls_noridge_msqrob2	1 - 0.667	0.1	1	1	0	0	0.025
ms3	balanced	protein_keep_naive_ls_noridge_msqrob2	1 - 0.5	0.1	15	15	0	0	0.375
ms3	balanced	protein_keep_naive_ls_noridge_msqrob2	1 - 0.125	0.1	37	36	1	0.027027027027027	0.9
ms3	balanced	protein_keep_naive_ls_noridge_msqrob2	0.667 - 0.5	0.1	0	0	0	NA	0
ms3	balanced	protein_keep_naive_ls_noridge_msqrob2	0.667 - 0.125	0.1	33	33	0	0	0.825
ms3	balanced	protein_keep_naive_ls_noridge_msqrob2	0.5 - 0.125	0.1	28	28	0	0	0.7
ms3	balanced	protein_ratio_mixed_robust_noridge_msqrob2	1 - 0.667	0.1	39	35	4	0.102564102564103	0.875
ms3	balanced	protein_ratio_mixed_robust_noridge_msqrob2	1 - 0.5	0.1	43	37	6	0.13953488372093	0.925
ms3	balanced	protein_ratio_mixed_robust_noridge_msqrob2	1 - 0.125	0.1	46	40	6	0.130434782608696	1
ms3	balanced	protein_ratio_mixed_robust_noridge_msqrob2	0.667 - 0.5	0.1	31	31	0	0	0.775
ms3	balanced	protein_ratio_mixed_robust_noridge_msqrob2	0.667 - 0.125	0.1	43	40	3	0.0697674418604651	1
ms3	balanced	protein_ratio_mixed_robust_noridge_msqrob2	0.5 - 0.125	0.1	46	39	7	0.152173913043478	0.975
ms3	balanced	protein_ratio_naive_robust_noridge_msqrob2	1 - 0.667	0.1	33	33	0	0	0.825
ms3	balanced	protein_ratio_naive_robust_noridge_msqrob2	1 - 0.5	0.1	38	37	1	0.0263157894736842	0.925
ms3	balanced	protein_ratio_naive_robust_noridge_msqrob2	1 - 0.125	0.1	44	40	4	0.0909090909090909	1
ms3	balanced	protein_ratio_naive_robust_noridge_msqrob2	0.667 - 0.5	0.1	28	28	0	0	0.7
ms3	balanced	protein_ratio_naive_robust_noridge_msqrob2	0.667 - 0.125	0.1	41	40	1	0.024390243902439	1
ms3	balanced	protein_ratio_naive_robust_noridge_msqrob2	0.5 - 0.125	0.1	40	39	1	0.025	0.975
ms3	balanced	protein_ratio_mixed_ls_noridge_msqrob2	1 - 0.667	0.1	35	34	1	0.0285714285714286	0.85
ms3	balanced	protein_ratio_mixed_ls_noridge_msqrob2	1 - 0.5	0.1	38	37	1	0.0263157894736842	0.925
ms3	balanced	protein_ratio_mixed_ls_noridge_msqrob2	1 - 0.125	0.1	43	39	4	0.0930232558139535	0.975
ms3	balanced	protein_ratio_mixed_ls_noridge_msqrob2	0.667 - 0.5	0.1	28	27	1	0.0357142857142857	0.675
ms3	balanced	protein_ratio_mixed_ls_noridge_msqrob2	0.667 - 0.125	0.1	42	40	2	0.0476190476190476	1
ms3	balanced	protein_ratio_mixed_ls_noridge_msqrob2	0.5 - 0.125	0.1	41	38	3	0.0731707317073171	0.95
ms3	balanced	protein_ratio_naive_ls_noridge_msqrob2	1 - 0.667	0.1	29	29	0	0	0.725
ms3	balanced	protein_ratio_naive_ls_noridge_msqrob2	1 - 0.5	0.1	38	37	1	0.0263157894736842	0.925
ms3	balanced	protein_ratio_naive_ls_noridge_msqrob2	1 - 0.125	0.1	41	39	2	0.0487804878048781	0.975
ms3	balanced	protein_ratio_naive_ls_noridge_msqrob2	0.667 - 0.5	0.1	20	20	0	0	0.5
ms3	balanced	protein_ratio_naive_ls_noridge_msqrob2	0.667 - 0.125	0.1	40	39	1	0.025	0.975
ms3	balanced	protein_ratio_naive_ls_noridge_msqrob2	0.5 - 0.125	0.1	39	38	1	0.0256410256410256	0.95
ms3	balanced	protein_drop_run_only_robust_noridge_msqrob2	1 - 0.667	0.1	36	35	1	0.0277777777777778	0.875
ms3	balanced	protein_drop_run_only_robust_noridge_msqrob2	1 - 0.5	0.1	44	37	7	0.159090909090909	0.925
ms3	balanced	protein_drop_run_only_robust_noridge_msqrob2	1 - 0.125	0.1	46	40	6	0.130434782608696	1
ms3	balanced	protein_drop_run_only_robust_noridge_msqrob2	0.667 - 0.5	0.1	32	32	0	0	0.8
ms3	balanced	protein_drop_run_only_robust_noridge_msqrob2	0.667 - 0.125	0.1	44	40	4	0.0909090909090909	1
ms3	balanced	protein_drop_run_only_robust_noridge_msqrob2	0.5 - 0.125	0.1	45	39	6	0.133333333333333	0.975
ms3	balanced	protein_drop_mixed_robust_ridge_msqrob2	1 - 0.667	0.1	36	35	1	0.0277777777777778	0.875
ms3	balanced	protein_drop_mixed_robust_ridge_msqrob2	1 - 0.5	0.1	39	37	2	0.0512820512820513	0.925
ms3	balanced	protein_drop_mixed_robust_ridge_msqrob2	1 - 0.125	0.1	43	40	3	0.0697674418604651	1
ms3	balanced	protein_drop_mixed_robust_ridge_msqrob2	0.667 - 0.5	0.1	31	31	0	0	0.775
ms3	balanced	protein_drop_mixed_robust_ridge_msqrob2	0.667 - 0.125	0.1	42	40	2	0.0476190476190476	1
ms3	balanced	protein_drop_mixed_robust_ridge_msqrob2	0.5 - 0.125	0.1	42	39	3	0.0714285714285714	0.975
ms3	balanced	protein_drop_dupcor_mixture_ls_noridge_limma	1 - 0.667	0.1	7	7	0	0	0.175
ms3	balanced	protein_drop_dupcor_mixture_ls_noridge_limma	1 - 0.5	0.1	26	24	2	0.0769230769230769	0.6
ms3	balanced	protein_drop_dupcor_mixture_ls_noridge_limma	1 - 0.125	0.1	39	37	2	0.0512820512820513	0.925
ms3	balanced	protein_drop_dupcor_mixture_ls_noridge_limma	0.667 - 0.5	0.1	0	0	0	NA	0
ms3	balanced	protein_drop_dupcor_mixture_ls_noridge_limma	0.667 - 0.125	0.1	37	35	2	0.0540540540540541	0.875
ms3	balanced	protein_drop_dupcor_mixture_ls_noridge_limma	0.5 - 0.125	0.1	37	33	4	0.108108108108108	0.825
ms3	balanced	protein_keep_dupcor_mixture_ls_noridge_limma	1 - 0.667	0.1	8	8	0	0	0.2
ms3	balanced	protein_keep_dupcor_mixture_ls_noridge_limma	1 - 0.5	0.1	28	25	3	0.107142857142857	0.625
ms3	balanced	protein_keep_dupcor_mixture_ls_noridge_limma	1 - 0.125	0.1	40	37	3	0.075	0.925
ms3	balanced	protein_keep_dupcor_mixture_ls_noridge_limma	0.667 - 0.5	0.1	1	1	0	0	0.025
ms3	balanced	protein_keep_dupcor_mixture_ls_noridge_limma	0.667 - 0.125	0.1	36	35	1	0.0277777777777778	0.875
ms3	balanced	protein_keep_dupcor_mixture_ls_noridge_limma	0.5 - 0.125	0.1	35	33	2	0.0571428571428571	0.825
ms3	balanced	protein_ratio_dupcor_mixture_ls_noridge_limma	1 - 0.667	0.1	32	32	0	0	0.8
ms3	balanced	protein_ratio_dupcor_mixture_ls_noridge_limma	1 - 0.5	0.1	40	37	3	0.075	0.925
ms3	balanced	protein_ratio_dupcor_mixture_ls_noridge_limma	1 - 0.125	0.1	43	40	3	0.0697674418604651	1
ms3	balanced	protein_ratio_dupcor_mixture_ls_noridge_limma	0.667 - 0.5	0.1	25	25	0	0	0.625
ms3	balanced	protein_ratio_dupcor_mixture_ls_noridge_limma	0.667 - 0.125	0.1	42	40	2	0.0476190476190476	1
ms3	balanced	protein_ratio_dupcor_mixture_ls_noridge_limma	0.5 - 0.125	0.1	42	38	4	0.0952380952380952	0.95
ms3	balanced	psm_drop_mixed_robust_noridge_msqrob2	1 - 0.667	0.1	38	35	3	0.0789473684210526	0.875
ms3	balanced	psm_drop_mixed_robust_noridge_msqrob2	1 - 0.5	0.1	42	38	4	0.0952380952380952	0.95
ms3	balanced	psm_drop_mixed_robust_noridge_msqrob2	1 - 0.125	0.1	47	40	7	0.148936170212766	1
ms3	balanced	psm_drop_mixed_robust_noridge_msqrob2	0.667 - 0.5	0.1	32	31	1	0.03125	0.775
ms3	balanced	psm_drop_mixed_robust_noridge_msqrob2	0.667 - 0.125	0.1	43	40	3	0.0697674418604651	1
ms3	balanced	psm_drop_mixed_robust_noridge_msqrob2	0.5 - 0.125	0.1	44	39	5	0.113636363636364	0.975
ms3	balanced	psm_keep_mixed_robust_noridge_msqrob2	1 - 0.667	0.1	38	36	2	0.0526315789473684	0.9
ms3	balanced	psm_keep_mixed_robust_noridge_msqrob2	1 - 0.5	0.1	44	38	6	0.136363636363636	0.95
ms3	balanced	psm_keep_mixed_robust_noridge_msqrob2	1 - 0.125	0.1	49	40	9	0.183673469387755	1
ms3	balanced	psm_keep_mixed_robust_noridge_msqrob2	0.667 - 0.5	0.1	34	33	1	0.0294117647058824	0.825
ms3	balanced	psm_keep_mixed_robust_noridge_msqrob2	0.667 - 0.125	0.1	45	40	5	0.111111111111111	1
ms3	balanced	psm_keep_mixed_robust_noridge_msqrob2	0.5 - 0.125	0.1	42	39	3	0.0714285714285714	0.975
ms3	balanced	psm_drop_mixed_ls_noridge_msqrob2	1 - 0.667	0.1	33	33	0	0	0.825
ms3	balanced	psm_drop_mixed_ls_noridge_msqrob2	1 - 0.5	0.1	39	37	2	0.0512820512820513	0.925
ms3	balanced	psm_drop_mixed_ls_noridge_msqrob2	1 - 0.125	0.1	46	39	7	0.152173913043478	0.975
ms3	balanced	psm_drop_mixed_ls_noridge_msqrob2	0.667 - 0.5	0.1	24	23	1	0.0416666666666667	0.575
ms3	balanced	psm_drop_mixed_ls_noridge_msqrob2	0.667 - 0.125	0.1	45	40	5	0.111111111111111	1
ms3	balanced	psm_drop_mixed_ls_noridge_msqrob2	0.5 - 0.125	0.1	43	39	4	0.0930232558139535	0.975
ms3	balanced	psm_drop_mixed_robust_ridge_msqrob2	1 - 0.667	0.1	35	35	0	0	0.875
ms3	balanced	psm_drop_mixed_robust_ridge_msqrob2	1 - 0.5	0.1	39	37	2	0.0512820512820513	0.925
ms3	balanced	psm_drop_mixed_robust_ridge_msqrob2	1 - 0.125	0.1	46	40	6	0.130434782608696	1
ms3	balanced	psm_drop_mixed_robust_ridge_msqrob2	0.667 - 0.5	0.1	31	31	0	0	0.775
ms3	balanced	psm_drop_mixed_robust_ridge_msqrob2	0.667 - 0.125	0.1	42	40	2	0.0476190476190476	1
ms3	balanced	psm_drop_mixed_robust_ridge_msqrob2	0.5 - 0.125	0.1	42	39	3	0.0714285714285714	0.975
ms3	unbalanced	protein_drop_mixed_robust_noridge_msqrob2	1 - 0.667	0.1	36	33	3	0.0833333333333333	0.825
ms3	unbalanced	protein_drop_mixed_robust_noridge_msqrob2	1 - 0.5	0.1	48	36	12	0.25	0.9
ms3	unbalanced	protein_drop_mixed_robust_noridge_msqrob2	1 - 0.125	0.1	49	37	12	0.244897959183673	0.925
ms3	unbalanced	protein_drop_mixed_robust_noridge_msqrob2	0.667 - 0.5	0.1	24	18	6	0.25	0.45
ms3	unbalanced	protein_drop_mixed_robust_noridge_msqrob2	0.667 - 0.125	0.1	50	36	14	0.28	0.9
ms3	unbalanced	protein_drop_mixed_robust_noridge_msqrob2	0.5 - 0.125	0.1	39	36	3	0.0769230769230769	0.9
ms3	unbalanced	protein_drop_naive_robust_noridge_msqrob2	1 - 0.667	0.1	0	0	0	NA	0
ms3	unbalanced	protein_drop_naive_robust_noridge_msqrob2	1 - 0.5	0.1	63	16	47	0.746031746031746	0.4
ms3	unbalanced	protein_drop_naive_robust_noridge_msqrob2	1 - 0.125	0.1	90	35	55	0.611111111111111	0.875
ms3	unbalanced	protein_drop_naive_robust_noridge_msqrob2	0.667 - 0.5	0.1	51	4	47	0.92156862745098	0.1
ms3	unbalanced	protein_drop_naive_robust_noridge_msqrob2	0.667 - 0.125	0.1	99	30	69	0.696969696969697	0.75
ms3	unbalanced	protein_drop_naive_robust_noridge_msqrob2	0.5 - 0.125	0.1	24	24	0	0	0.6
ms3	unbalanced	protein_drop_dupcor_mixture_ls_noridge_limma	1 - 0.667	0.1	3	3	0	0	0.075
ms3	unbalanced	protein_drop_dupcor_mixture_ls_noridge_limma	1 - 0.5	0.1	31	11	20	0.645161290322581	0.275
ms3	unbalanced	protein_drop_dupcor_mixture_ls_noridge_limma	1 - 0.125	0.1	56	31	25	0.446428571428571	0.775
ms3	unbalanced	protein_drop_dupcor_mixture_ls_noridge_limma	0.667 - 0.5	0.1	25	0	25	1	0
ms3	unbalanced	protein_drop_dupcor_mixture_ls_noridge_limma	0.667 - 0.125	0.1	62	29	33	0.532258064516129	0.725
ms3	unbalanced	protein_drop_dupcor_mixture_ls_noridge_limma	0.5 - 0.125	0.1	26	26	0	0	0.65
ms2	balanced	protein_drop_mixed_robust_noridge_msqrob2	1 - 0.667	0.1	51	39	12	0.235294117647059	0.975
ms2	balanced	protein_drop_mixed_robust_noridge_msqrob2	1 - 0.5	0.1	43	40	3	0.0697674418604651	1
ms2	balanced	protein_drop_mixed_robust_noridge_msqrob2	1 - 0.125	0.1	50	40	10	0.2	1
ms2	balanced	protein_drop_mixed_robust_noridge_msqrob2	0.667 - 0.5	0.1	36	34	2	0.0555555555555556	0.85
ms2	balanced	protein_drop_mixed_robust_noridge_msqrob2	0.667 - 0.125	0.1	45	40	5	0.111111111111111	1
ms2	balanced	protein_drop_mixed_robust_noridge_msqrob2	0.5 - 0.125	0.1	43	39	4	0.0930232558139535	0.975
ms2	balanced	protein_drop_naive_robust_noridge_msqrob2	1 - 0.667	0.1	1	1	0	0	0.025
ms2	balanced	protein_drop_naive_robust_noridge_msqrob2	1 - 0.5	0.1	10	10	0	0	0.25
ms2	balanced	protein_drop_naive_robust_noridge_msqrob2	1 - 0.125	0.1	32	32	0	0	0.8
ms2	balanced	protein_drop_naive_robust_noridge_msqrob2	0.667 - 0.5	0.1	0	0	0	NA	0
ms2	balanced	protein_drop_naive_robust_noridge_msqrob2	0.667 - 0.125	0.1	28	28	0	0	0.7
ms2	balanced	protein_drop_naive_robust_noridge_msqrob2	0.5 - 0.125	0.1	18	18	0	0	0.45
ms2	balanced	protein_drop_dupcor_mixture_ls_noridge_limma	1 - 0.667	0.1	4	4	0	0	0.1
ms2	balanced	protein_drop_dupcor_mixture_ls_noridge_limma	1 - 0.5	0.1	22	20	2	0.0909090909090909	0.5
ms2	balanced	protein_drop_dupcor_mixture_ls_noridge_limma	1 - 0.125	0.1	36	36	0	0	0.9
ms2	balanced	protein_drop_dupcor_mixture_ls_noridge_limma	0.667 - 0.5	0.1	1	1	0	0	0.025
ms2	balanced	protein_drop_dupcor_mixture_ls_noridge_limma	0.667 - 0.125	0.1	30	30	0	0	0.75
ms2	balanced	protein_drop_dupcor_mixture_ls_noridge_limma	0.5 - 0.125	0.1	26	26	0	0	0.65
ms3	balanced	protein_drop_mixed_robust_noridge_msqrob2	1 - 0.667	0.2	32	32	0	0	0.8
ms3	balanced	protein_drop_mixed_robust_noridge_msqrob2	1 - 0.5	0.2	41	36	5	0.121951219512195	0.9
ms3	balanced	protein_drop_mixed_robust_noridge_msqrob2	1 - 0.125	0.2	45	40	5	0.111111111111111	1
ms3	balanced	protein_drop_mixed_robust_noridge_msqrob2	0.667 - 0.5	0.2	30	30	0	0	0.75
ms3	balanced	protein_drop_mixed_robust_noridge_msqrob2	0.667 - 0.125	0.2	41	39	2	0.0487804878048781	0.975
ms3	balanced	protein_drop_mixed_robust_noridge_msqrob2	0.5 - 0.125	0.2	42	38	4	0.0952380952380952	0.95
ms3	balanced	protein_drop_naive_robust_noridge_msqrob2	1 - 0.667	0.2	1	1	0	0	0.025
ms3	balanced	protein_drop_naive_robust_noridge_msqrob2	1 - 0.5	0.2	20	20	0	0	0.5
ms3	balanced	protein_drop_naive_robust_noridge_msqrob2	1 - 0.125	0.2	37	36	1	0.027027027027027	0.9
ms3	balanced	protein_drop_naive_robust_noridge_msqrob2	0.667 - 0.5	0.2	0	0	0	NA	0
ms3	balanced	protein_drop_naive_robust_noridge_msqrob2	0.667 - 0.125	0.2	34	34	0	0	0.85
ms3	balanced	protein_drop_naive_robust_noridge_msqrob2	0.5 - 0.125	0.2	29	29	0	0	0.725
ms3	balanced	protein_drop_mixed_ls_noridge_msqrob2	1 - 0.667	0.2	31	31	0	0	0.775
ms3	balanced	protein_drop_mixed_ls_noridge_msqrob2	1 - 0.5	0.2	37	36	1	0.027027027027027	0.9
ms3	balanced	protein_drop_mixed_ls_noridge_msqrob2	1 - 0.125	0.2	43	39	4	0.0930232558139535	0.975
ms3	balanced	protein_drop_mixed_ls_noridge_msqrob2	0.667 - 0.5	0.2	25	25	0	0	0.625
ms3	balanced	protein_drop_mixed_ls_noridge_msqrob2	0.667 - 0.125	0.2	40	38	2	0.05	0.95
ms3	balanced	protein_drop_mixed_ls_noridge_msqrob2	0.5 - 0.125	0.2	40	37	3	0.075	0.925
ms3	balanced	protein_drop_naive_ls_noridge_msqrob2	1 - 0.667	0.2	1	1	0	0	0.025
ms3	balanced	protein_drop_naive_ls_noridge_msqrob2	1 - 0.5	0.2	15	15	0	0	0.375
ms3	balanced	protein_drop_naive_ls_noridge_msqrob2	1 - 0.125	0.2	37	36	1	0.027027027027027	0.9
ms3	balanced	protein_drop_naive_ls_noridge_msqrob2	0.667 - 0.5	0.2	0	0	0	NA	0
ms3	balanced	protein_drop_naive_ls_noridge_msqrob2	0.667 - 0.125	0.2	33	33	0	0	0.825
ms3	balanced	protein_drop_naive_ls_noridge_msqrob2	0.5 - 0.125	0.2	28	28	0	0	0.7
ms3	balanced	protein_keep_mixed_robust_noridge_msqrob2	1 - 0.667	0.2	33	33	0	0	0.825
ms3	balanced	protein_keep_mixed_robust_noridge_msqrob2	1 - 0.5	0.2	37	36	1	0.027027027027027	0.9
ms3	balanced	protein_keep_mixed_robust_noridge_msqrob2	1 - 0.125	0.2	46	40	6	0.130434782608696	1
ms3	balanced	protein_keep_mixed_robust_noridge_msqrob2	0.667 - 0.5	0.2	30	30	0	0	0.75
ms3	balanced	protein_keep_mixed_robust_noridge_msqrob2	0.667 - 0.125	0.2	40	39	1	0.025	0.975
ms3	balanced	protein_keep_mixed_robust_noridge_msqrob2	0.5 - 0.125	0.2	41	38	3	0.0731707317073171	0.95
ms3	balanced	protein_keep_naive_robust_noridge_msqrob2	1 - 0.667	0.2	1	1	0	0	0.025
ms3	balanced	protein_keep_naive_robust_noridge_msqrob2	1 - 0.5	0.2	20	20	0	0	0.5
ms3	balanced	protein_keep_naive_robust_noridge_msqrob2	1 - 0.125	0.2	37	36	1	0.027027027027027	0.9
ms3	balanced	protein_keep_naive_robust_noridge_msqrob2	0.667 - 0.5	0.2	0	0	0	NA	0
ms3	balanced	protein_keep_naive_robust_noridge_msqrob2	0.667 - 0.125	0.2	35	34	1	0.0285714285714286	0.85
ms3	balanced	protein_keep_naive_robust_noridge_msqrob2	0.5 - 0.125	0.2	29	29	0	0	0.725
ms3	balanced	protein_keep_mixed_ls_noridge_msqrob2	1 - 0.667	0.2	30	30	0	0	0.75
ms3	balanced	protein_keep_mixed_ls_noridge_msqrob2	1 - 0.5	0.2	37	36	1	0.027027027027027	0.9
ms3	balanced	protein_keep_mixed_ls_noridge_msqrob2	1 - 0.125	0.2	44	40	4	0.0909090909090909	1
ms3	balanced	protein_keep_mixed_ls_noridge_msqrob2	0.667 - 0.5	0.2	24	24	0	0	0.6
ms3	balanced	protein_keep_mixed_ls_noridge_msqrob2	0.667 - 0.125	0.2	40	39	1	0.025	0.975
ms3	balanced	protein_keep_mixed_ls_noridge_msqrob2	0.5 - 0.125	0.2	40	38	2	0.05	0.95
ms3	balanced	protein_keep_naive_ls_noridge_msqrob2	1 - 0.667	0.2	1	1	0	0	0.025
ms3	balanced	protein_keep_naive_ls_noridge_msqrob2	1 - 0.5	0.2	15	15	0	0	0.375
ms3	balanced	protein_keep_naive_ls_noridge_msqrob2	1 - 0.125	0.2	37	36	1	0.027027027027027	0.9
ms3	balanced	protein_keep_naive_ls_noridge_msqrob2	0.667 - 0.5	0.2	0	0	0	NA	0
ms3	balanced	protein_keep_naive_ls_noridge_msqrob2	0.667 - 0.125	0.2	33	33	0	0	0.825
ms3	balanced	protein_keep_naive_ls_noridge_msqrob2	0.5 - 0.125	0.2	28	28	0	0	0.7
ms3	balanced	protein_ratio_mixed_robust_noridge_msqrob2	1 - 0.667	0.2	33	32	1	0.0303030303030303	0.8
ms3	balanced	protein_ratio_mixed_robust_noridge_msqrob2	1 - 0.5	0.2	40	36	4	0.1	0.9
ms3	balanced	protein_ratio_mixed_robust_noridge_msqrob2	1 - 0.125	0.2	45	40	5	0.111111111111111	1
ms3	balanced	protein_ratio_mixed_robust_noridge_msqrob2	0.667 - 0.5	0.2	29	29	0	0	0.725
ms3	balanced	protein_ratio_mixed_robust_noridge_msqrob2	0.667 - 0.125	0.2	41	39	2	0.0487804878048781	0.975
ms3	balanced	protein_ratio_mixed_robust_noridge_msqrob2	0.5 - 0.125	0.2	43	38	5	0.116279069767442	0.95
ms3	balanced	protein_ratio_naive_robust_noridge_msqrob2	1 - 0.667	0.2	30	30	0	0	0.75
ms3	balanced	protein_ratio_naive_robust_noridge_msqrob2	1 - 0.5	0.2	37	36	1	0.027027027027027	0.9
ms3	balanced	protein_ratio_naive_robust_noridge_msqrob2	1 - 0.125	0.2	44	40	4	0.0909090909090909	1
ms3	balanced	protein_ratio_naive_robust_noridge_msqrob2	0.667 - 0.5	0.2	26	26	0	0	0.65
ms3	balanced	protein_ratio_naive_robust_noridge_msqrob2	0.667 - 0.125	0.2	40	39	1	0.025	0.975
ms3	balanced	protein_ratio_naive_robust_noridge_msqrob2	0.5 - 0.125	0.2	39	38	1	0.0256410256410256	0.95
ms3	balanced	protein_ratio_mixed_ls_noridge_msqrob2	1 - 0.667	0.2	31	31	0	0	0.775
ms3	balanced	protein_ratio_mixed_ls_noridge_msqrob2	1 - 0.5	0.2	37	36	1	0.027027027027027	0.9
ms3	balanced	protein_ratio_mixed_ls_noridge_msqrob2	1 - 0.125	0.2	43	39	4	0.0930232558139535	0.975
ms3	balanced	protein_ratio_mixed_ls_noridge_msqrob2	0.667 - 0.5	0.2	25	25	0	0	0.625
ms3	balanced	protein_ratio_mixed_ls_noridge_msqrob2	0.667 - 0.125	0.2	41	39	2	0.0487804878048781	0.975
ms3	balanced	protein_ratio_mixed_ls_noridge_msqrob2	0.5 - 0.125	0.2	40	37	3	0.075	0.925
ms3	balanced	protein_ratio_naive_ls_noridge_msqrob2	1 - 0.667	0.2	26	26	0	0	0.65
ms3	balanced	protein_ratio_naive_ls_noridge_msqrob2	1 - 0.5	0.2	37	36	1	0.027027027027027	0.9
ms3	balanced	protein_ratio_naive_ls_noridge_msqrob2	1 - 0.125	0.2	41	39	2	0.0487804878048781	0.975
ms3	balanced	protein_ratio_naive_ls_noridge_msqrob2	0.667 - 0.5	0.2	19	19	0	0	0.475
ms3	balanced	protein_ratio_naive_ls_noridge_msqrob2	0.667 - 0.125	0.2	39	38	1	0.0256410256410256	0.95
ms3	balanced	protein_ratio_naive_ls_noridge_msqrob2	0.5 - 0.125	0.2	38	37	1	0.0263157894736842	0.925
ms3	balanced	protein_drop_run_only_robust_noridge_msqrob2	1 - 0.667	0.2	32	32	0	0	0.8
ms3	balanced	protein_drop_run_only_robust_noridge_msqrob2	1 - 0.5	0.2	41	36	5	0.121951219512195	0.9
ms3	balanced	protein_drop_run_only_robust_noridge_msqrob2	1 - 0.125	0.2	45	40	5	0.111111111111111	1
ms3	balanced	protein_drop_run_only_robust_noridge_msqrob2	0.667 - 0.5	0.2	30	30	0	0	0.75
ms3	balanced	protein_drop_run_only_robust_noridge_msqrob2	0.667 - 0.125	0.2	41	39	2	0.0487804878048781	0.975
ms3	balanced	protein_drop_run_only_robust_noridge_msqrob2	0.5 - 0.125	0.2	42	38	4	0.0952380952380952	0.95
ms3	balanced	protein_drop_mixed_robust_ridge_msqrob2	1 - 0.667	0.2	32	32	0	0	0.8
ms3	balanced	protein_drop_mixed_robust_ridge_msqrob2	1 - 0.5	0.2	38	36	2	0.0526315789473684	0.9
ms3	balanced	protein_drop_mixed_robust_ridge_msqrob2	1 - 0.125	0.2	42	40	2	0.0476190476190476	1
ms3	balanced	protein_drop_mixed_robust_ridge_msqrob2	0.667 - 0.5	0.2	29	29	0	0	0.725
ms3	balanced	protein_drop_mixed_robust_ridge_msqrob2	0.667 - 0.125	0.2	41	39	2	0.0487804878048781	0.975
ms3	balanced	protein_drop_mixed_robust_ridge_msqrob2	0.5 - 0.125	0.2	41	38	3	0.0731707317073171	0.95
ms3	balanced	protein_drop_dupcor_mixture_ls_noridge_limma	1 - 0.667	0.2	7	7	0	0	0.175
ms3	balanced	protein_drop_dupcor_mixture_ls_noridge_limma	1 - 0.5	0.2	26	24	2	0.0769230769230769	0.6
ms3	balanced	protein_drop_dupcor_mixture_ls_noridge_limma	1 - 0.125	0.2	39	37	2	0.0512820512820513	0.925
ms3	balanced	protein_drop_dupcor_mixture_ls_noridge_limma	0.667 - 0.5	0.2	0	0	0	NA	0
ms3	balanced	protein_drop_dupcor_mixture_ls_noridge_limma	0.667 - 0.125	0.2	37	35	2	0.0540540540540541	0.875
ms3	balanced	protein_drop_dupcor_mixture_ls_noridge_limma	0.5 - 0.125	0.2	37	33	4	0.108108108108108	0.825
ms3	balanced	protein_keep_dupcor_mixture_ls_noridge_limma	1 - 0.667	0.2	8	8	0	0	0.2
ms3	balanced	protein_keep_dupcor_mixture_ls_noridge_limma	1 - 0.5	0.2	28	25	3	0.107142857142857	0.625
ms3	balanced	protein_keep_dupcor_mixture_ls_noridge_limma	1 - 0.125	0.2	40	37	3	0.075	0.925
ms3	balanced	protein_keep_dupcor_mixture_ls_noridge_limma	0.667 - 0.5	0.2	1	1	0	0	0.025
ms3	balanced	protein_keep_dupcor_mixture_ls_noridge_limma	0.667 - 0.125	0.2	36	35	1	0.0277777777777778	0.875
ms3	balanced	protein_keep_dupcor_mixture_ls_noridge_limma	0.5 - 0.125	0.2	35	33	2	0.0571428571428571	0.825
ms3	balanced	protein_ratio_dupcor_mixture_ls_noridge_limma	1 - 0.667	0.2	29	29	0	0	0.725
ms3	balanced	protein_ratio_dupcor_mixture_ls_noridge_limma	1 - 0.5	0.2	39	36	3	0.0769230769230769	0.9
ms3	balanced	protein_ratio_dupcor_mixture_ls_noridge_limma	1 - 0.125	0.2	43	40	3	0.0697674418604651	1
ms3	balanced	protein_ratio_dupcor_mixture_ls_noridge_limma	0.667 - 0.5	0.2	23	23	0	0	0.575
ms3	balanced	protein_ratio_dupcor_mixture_ls_noridge_limma	0.667 - 0.125	0.2	40	39	1	0.025	0.975
ms3	balanced	protein_ratio_dupcor_mixture_ls_noridge_limma	0.5 - 0.125	0.2	41	37	4	0.0975609756097561	0.925
ms3	balanced	psm_drop_mixed_robust_noridge_msqrob2	1 - 0.667	0.2	32	32	0	0	0.8
ms3	balanced	psm_drop_mixed_robust_noridge_msqrob2	1 - 0.5	0.2	40	37	3	0.075	0.925
ms3	balanced	psm_drop_mixed_robust_noridge_msqrob2	1 - 0.125	0.2	47	40	7	0.148936170212766	1
ms3	balanced	psm_drop_mixed_robust_noridge_msqrob2	0.667 - 0.5	0.2	30	30	0	0	0.75
ms3	balanced	psm_drop_mixed_robust_noridge_msqrob2	0.667 - 0.125	0.2	41	39	2	0.0487804878048781	0.975
ms3	balanced	psm_drop_mixed_robust_noridge_msqrob2	0.5 - 0.125	0.2	42	38	4	0.0952380952380952	0.95
ms3	balanced	psm_keep_mixed_robust_noridge_msqrob2	1 - 0.667	0.2	33	33	0	0	0.825
ms3	balanced	psm_keep_mixed_robust_noridge_msqrob2	1 - 0.5	0.2	42	37	5	0.119047619047619	0.925
ms3	balanced	psm_keep_mixed_robust_noridge_msqrob2	1 - 0.125	0.2	48	40	8	0.166666666666667	1
ms3	balanced	psm_keep_mixed_robust_noridge_msqrob2	0.667 - 0.5	0.2	32	31	1	0.03125	0.775
ms3	balanced	psm_keep_mixed_robust_noridge_msqrob2	0.667 - 0.125	0.2	42	39	3	0.0714285714285714	0.975
ms3	balanced	psm_keep_mixed_robust_noridge_msqrob2	0.5 - 0.125	0.2	40	38	2	0.05	0.95
ms3	balanced	psm_drop_mixed_ls_noridge_msqrob2	1 - 0.667	0.2	30	30	0	0	0.75
ms3	balanced	psm_drop_mixed_ls_noridge_msqrob2	1 - 0.5	0.2	38	36	2	0.0526315789473684	0.9
ms3	balanced	psm_drop_mixed_ls_noridge_msqrob2	1 - 0.125	0.2	46	39	7	0.152173913043478	0.975
ms3	balanced	psm_drop_mixed_ls_noridge_msqrob2	0.667 - 0.5	0.2	23	23	0	0	0.575
ms3	balanced	psm_drop_mixed_ls_noridge_msqrob2	0.667 - 0.125	0.2	43	40	3	0.0697674418604651	1
ms3	balanced	psm_drop_mixed_ls_noridge_msqrob2	0.5 - 0.125	0.2	41	38	3	0.0731707317073171	0.95
ms3	balanced	psm_drop_mixed_robust_ridge_msqrob2	1 - 0.667	0.2	32	32	0	0	0.8
ms3	balanced	psm_drop_mixed_robust_ridge_msqrob2	1 - 0.5	0.2	38	36	2	0.0526315789473684	0.9
ms3	balanced	psm_drop_mixed_robust_ridge_msqrob2	1 - 0.125	0.2	44	40	4	0.0909090909090909	1
ms3	balanced	psm_drop_mixed_robust_ridge_msqrob2	0.667 - 0.5	0.2	30	30	0	0	0.75
ms3	balanced	psm_drop_mixed_robust_ridge_msqrob2	0.667 - 0.125	0.2	41	39	2	0.0487804878048781	0.975
ms3	balanced	psm_drop_mixed_robust_ridge_msqrob2	0.5 - 0.125	0.2	41	38	3	0.0731707317073171	0.95
ms3	unbalanced	protein_drop_mixed_robust_noridge_msqrob2	1 - 0.667	0.2	33	30	3	0.0909090909090909	0.75
ms3	unbalanced	protein_drop_mixed_robust_noridge_msqrob2	1 - 0.5	0.2	44	36	8	0.181818181818182	0.9
ms3	unbalanced	protein_drop_mixed_robust_noridge_msqrob2	1 - 0.125	0.2	46	37	9	0.195652173913043	0.925
ms3	unbalanced	protein_drop_mixed_robust_noridge_msqrob2	0.667 - 0.5	0.2	23	18	5	0.217391304347826	0.45
ms3	unbalanced	protein_drop_mixed_robust_noridge_msqrob2	0.667 - 0.125	0.2	48	36	12	0.25	0.9
ms3	unbalanced	protein_drop_mixed_robust_noridge_msqrob2	0.5 - 0.125	0.2	37	35	2	0.0540540540540541	0.875
ms3	unbalanced	protein_drop_naive_robust_noridge_msqrob2	1 - 0.667	0.2	0	0	0	NA	0
ms3	unbalanced	protein_drop_naive_robust_noridge_msqrob2	1 - 0.5	0.2	63	16	47	0.746031746031746	0.4
ms3	unbalanced	protein_drop_naive_robust_noridge_msqrob2	1 - 0.125	0.2	90	35	55	0.611111111111111	0.875
ms3	unbalanced	protein_drop_naive_robust_noridge_msqrob2	0.667 - 0.5	0.2	51	4	47	0.92156862745098	0.1
ms3	unbalanced	protein_drop_naive_robust_noridge_msqrob2	0.667 - 0.125	0.2	99	30	69	0.696969696969697	0.75
ms3	unbalanced	protein_drop_naive_robust_noridge_msqrob2	0.5 - 0.125	0.2	24	24	0	0	0.6
ms3	unbalanced	protein_drop_dupcor_mixture_ls_noridge_limma	1 - 0.667	0.2	3	3	0	0	0.075
ms3	unbalanced	protein_drop_dupcor_mixture_ls_noridge_limma	1 - 0.5	0.2	31	11	20	0.645161290322581	0.275
ms3	unbalanced	protein_drop_dupcor_mixture_ls_noridge_limma	1 - 0.125	0.2	56	31	25	0.446428571428571	0.775
ms3	unbalanced	protein_drop_dupcor_mixture_ls_noridge_limma	0.667 - 0.5	0.2	25	0	25	1	0
ms3	unbalanced	protein_drop_dupcor_mixture_ls_noridge_limma	0.667 - 0.125	0.2	62	29	33	0.532258064516129	0.725
ms3	unbalanced	protein_drop_dupcor_mixture_ls_noridge_limma	0.5 - 0.125	0.2	26	26	0	0	0.65
ms2	balanced	protein_drop_mixed_robust_noridge_msqrob2	1 - 0.667	0.2	41	37	4	0.0975609756097561	0.925
ms2	balanced	protein_drop_mixed_robust_noridge_msqrob2	1 - 0.5	0.2	40	39	1	0.025	0.975
ms2	balanced	protein_drop_mixed_robust_noridge_msqrob2	1 - 0.125	0.2	44	40	4	0.0909090909090909	1
ms2	balanced	protein_drop_mixed_robust_noridge_msqrob2	0.667 - 0.5	0.2	15	15	0	0	0.375
ms2	balanced	protein_drop_mixed_robust_noridge_msqrob2	0.667 - 0.125	0.2	40	39	1	0.025	0.975
ms2	balanced	protein_drop_mixed_robust_noridge_msqrob2	0.5 - 0.125	0.2	39	38	1	0.0256410256410256	0.95
ms2	balanced	protein_drop_naive_robust_noridge_msqrob2	1 - 0.667	0.2	1	1	0	0	0.025
ms2	balanced	protein_drop_naive_robust_noridge_msqrob2	1 - 0.5	0.2	10	10	0	0	0.25
ms2	balanced	protein_drop_naive_robust_noridge_msqrob2	1 - 0.125	0.2	32	32	0	0	0.8
ms2	balanced	protein_drop_naive_robust_noridge_msqrob2	0.667 - 0.5	0.2	0	0	0	NA	0
ms2	balanced	protein_drop_naive_robust_noridge_msqrob2	0.667 - 0.125	0.2	28	28	0	0	0.7
ms2	balanced	protein_drop_naive_robust_noridge_msqrob2	0.5 - 0.125	0.2	18	18	0	0	0.45
ms2	balanced	protein_drop_dupcor_mixture_ls_noridge_limma	1 - 0.667	0.2	4	4	0	0	0.1
ms2	balanced	protein_drop_dupcor_mixture_ls_noridge_limma	1 - 0.5	0.2	22	20	2	0.0909090909090909	0.5
ms2	balanced	protein_drop_dupcor_mixture_ls_noridge_limma	1 - 0.125	0.2	36	36	0	0	0.9
ms2	balanced	protein_drop_dupcor_mixture_ls_noridge_limma	0.667 - 0.5	0.2	1	1	0	0	0.025
ms2	balanced	protein_drop_dupcor_mixture_ls_noridge_limma	0.667 - 0.125	0.2	30	30	0	0	0.75
ms2	balanced	protein_drop_dupcor_mixture_ls_noridge_limma	0.5 - 0.125	0.2	26	26	0	0	0.65
ms3	balanced	protein_drop_mixed_robust_noridge_msqrob2	1 - 0.667	0.3	32	32	0	0	0.8
ms3	balanced	protein_drop_mixed_robust_noridge_msqrob2	1 - 0.5	0.3	39	35	4	0.102564102564103	0.875
ms3	balanced	protein_drop_mixed_robust_noridge_msqrob2	1 - 0.125	0.3	43	40	3	0.0697674418604651	1
ms3	balanced	protein_drop_mixed_robust_noridge_msqrob2	0.667 - 0.5	0.3	19	19	0	0	0.475
ms3	balanced	protein_drop_mixed_robust_noridge_msqrob2	0.667 - 0.125	0.3	41	39	2	0.0487804878048781	0.975
ms3	balanced	protein_drop_mixed_robust_noridge_msqrob2	0.5 - 0.125	0.3	40	36	4	0.1	0.9
ms3	balanced	protein_drop_naive_robust_noridge_msqrob2	1 - 0.667	0.3	1	1	0	0	0.025
ms3	balanced	protein_drop_naive_robust_noridge_msqrob2	1 - 0.5	0.3	20	20	0	0	0.5
ms3	balanced	protein_drop_naive_robust_noridge_msqrob2	1 - 0.125	0.3	37	36	1	0.027027027027027	0.9
ms3	balanced	protein_drop_naive_robust_noridge_msqrob2	0.667 - 0.5	0.3	0	0	0	NA	0
ms3	balanced	protein_drop_naive_robust_noridge_msqrob2	0.667 - 0.125	0.3	34	34	0	0	0.85
ms3	balanced	protein_drop_naive_robust_noridge_msqrob2	0.5 - 0.125	0.3	29	29	0	0	0.725
ms3	balanced	protein_drop_mixed_ls_noridge_msqrob2	1 - 0.667	0.3	31	31	0	0	0.775
ms3	balanced	protein_drop_mixed_ls_noridge_msqrob2	1 - 0.5	0.3	36	35	1	0.0277777777777778	0.875
ms3	balanced	protein_drop_mixed_ls_noridge_msqrob2	1 - 0.125	0.3	42	39	3	0.0714285714285714	0.975
ms3	balanced	protein_drop_mixed_ls_noridge_msqrob2	0.667 - 0.5	0.3	17	17	0	0	0.425
ms3	balanced	protein_drop_mixed_ls_noridge_msqrob2	0.667 - 0.125	0.3	40	38	2	0.05	0.95
ms3	balanced	protein_drop_mixed_ls_noridge_msqrob2	0.5 - 0.125	0.3	38	35	3	0.0789473684210526	0.875
ms3	balanced	protein_drop_naive_ls_noridge_msqrob2	1 - 0.667	0.3	1	1	0	0	0.025
ms3	balanced	protein_drop_naive_ls_noridge_msqrob2	1 - 0.5	0.3	15	15	0	0	0.375
ms3	balanced	protein_drop_naive_ls_noridge_msqrob2	1 - 0.125	0.3	37	36	1	0.027027027027027	0.9
ms3	balanced	protein_drop_naive_ls_noridge_msqrob2	0.667 - 0.5	0.3	0	0	0	NA	0
ms3	balanced	protein_drop_naive_ls_noridge_msqrob2	0.667 - 0.125	0.3	33	33	0	0	0.825
ms3	balanced	protein_drop_naive_ls_noridge_msqrob2	0.5 - 0.125	0.3	28	28	0	0	0.7
ms3	balanced	protein_keep_mixed_robust_noridge_msqrob2	1 - 0.667	0.3	33	33	0	0	0.825
ms3	balanced	protein_keep_mixed_robust_noridge_msqrob2	1 - 0.5	0.3	36	35	1	0.0277777777777778	0.875
ms3	balanced	protein_keep_mixed_robust_noridge_msqrob2	1 - 0.125	0.3	43	40	3	0.0697674418604651	1
ms3	balanced	protein_keep_mixed_robust_noridge_msqrob2	0.667 - 0.5	0.3	19	19	0	0	0.475
ms3	balanced	protein_keep_mixed_robust_noridge_msqrob2	0.667 - 0.125	0.3	40	39	1	0.025	0.975
ms3	balanced	protein_keep_mixed_robust_noridge_msqrob2	0.5 - 0.125	0.3	38	36	2	0.0526315789473684	0.9
ms3	balanced	protein_keep_naive_robust_noridge_msqrob2	1 - 0.667	0.3	1	1	0	0	0.025
ms3	balanced	protein_keep_naive_robust_noridge_msqrob2	1 - 0.5	0.3	20	20	0	0	0.5
ms3	balanced	protein_keep_naive_robust_noridge_msqrob2	1 - 0.125	0.3	37	36	1	0.027027027027027	0.9
ms3	balanced	protein_keep_naive_robust_noridge_msqrob2	0.667 - 0.5	0.3	0	0	0	NA	0
ms3	balanced	protein_keep_naive_robust_noridge_msqrob2	0.667 - 0.125	0.3	35	34	1	0.0285714285714286	0.85
ms3	balanced	protein_keep_naive_robust_noridge_msqrob2	0.5 - 0.125	0.3	29	29	0	0	0.725
ms3	balanced	protein_keep_mixed_ls_noridge_msqrob2	1 - 0.667	0.3	30	30	0	0	0.75
ms3	balanced	protein_keep_mixed_ls_noridge_msqrob2	1 - 0.5	0.3	36	35	1	0.0277777777777778	0.875
ms3	balanced	protein_keep_mixed_ls_noridge_msqrob2	1 - 0.125	0.3	43	40	3	0.0697674418604651	1
ms3	balanced	protein_keep_mixed_ls_noridge_msqrob2	0.667 - 0.5	0.3	16	16	0	0	0.4
ms3	balanced	protein_keep_mixed_ls_noridge_msqrob2	0.667 - 0.125	0.3	40	39	1	0.025	0.975
ms3	balanced	protein_keep_mixed_ls_noridge_msqrob2	0.5 - 0.125	0.3	38	36	2	0.0526315789473684	0.9
ms3	balanced	protein_keep_naive_ls_noridge_msqrob2	1 - 0.667	0.3	1	1	0	0	0.025
ms3	balanced	protein_keep_naive_ls_noridge_msqrob2	1 - 0.5	0.3	15	15	0	0	0.375
ms3	balanced	protein_keep_naive_ls_noridge_msqrob2	1 - 0.125	0.3	37	36	1	0.027027027027027	0.9
ms3	balanced	protein_keep_naive_ls_noridge_msqrob2	0.667 - 0.5	0.3	0	0	0	NA	0
ms3	balanced	protein_keep_naive_ls_noridge_msqrob2	0.667 - 0.125	0.3	33	33	0	0	0.825
ms3	balanced	protein_keep_naive_ls_noridge_msqrob2	0.5 - 0.125	0.3	28	28	0	0	0.7
ms3	balanced	protein_ratio_mixed_robust_noridge_msqrob2	1 - 0.667	0.3	33	32	1	0.0303030303030303	0.8
ms3	balanced	protein_ratio_mixed_robust_noridge_msqrob2	1 - 0.5	0.3	38	35	3	0.0789473684210526	0.875
ms3	balanced	protein_ratio_mixed_robust_noridge_msqrob2	1 - 0.125	0.3	43	40	3	0.0697674418604651	1
ms3	balanced	protein_ratio_mixed_robust_noridge_msqrob2	0.667 - 0.5	0.3	19	19	0	0	0.475
ms3	balanced	protein_ratio_mixed_robust_noridge_msqrob2	0.667 - 0.125	0.3	41	39	2	0.0487804878048781	0.975
ms3	balanced	protein_ratio_mixed_robust_noridge_msqrob2	0.5 - 0.125	0.3	41	36	5	0.121951219512195	0.9
ms3	balanced	protein_ratio_naive_robust_noridge_msqrob2	1 - 0.667	0.3	30	30	0	0	0.75
ms3	balanced	protein_ratio_naive_robust_noridge_msqrob2	1 - 0.5	0.3	36	35	1	0.0277777777777778	0.875
ms3	balanced	protein_ratio_naive_robust_noridge_msqrob2	1 - 0.125	0.3	42	40	2	0.0476190476190476	1
ms3	balanced	protein_ratio_naive_robust_noridge_msqrob2	0.667 - 0.5	0.3	17	17	0	0	0.425
ms3	balanced	protein_ratio_naive_robust_noridge_msqrob2	0.667 - 0.125	0.3	40	39	1	0.025	0.975
ms3	balanced	protein_ratio_naive_robust_noridge_msqrob2	0.5 - 0.125	0.3	37	36	1	0.027027027027027	0.9
ms3	balanced	protein_ratio_mixed_ls_noridge_msqrob2	1 - 0.667	0.3	31	31	0	0	0.775
ms3	balanced	protein_ratio_mixed_ls_noridge_msqrob2	1 - 0.5	0.3	36	35	1	0.0277777777777778	0.875
ms3	balanced	protein_ratio_mixed_ls_noridge_msqrob2	1 - 0.125	0.3	42	39	3	0.0714285714285714	0.975
ms3	balanced	protein_ratio_mixed_ls_noridge_msqrob2	0.667 - 0.5	0.3	17	17	0	0	0.425
ms3	balanced	protein_ratio_mixed_ls_noridge_msqrob2	0.667 - 0.125	0.3	41	39	2	0.0487804878048781	0.975
ms3	balanced	protein_ratio_mixed_ls_noridge_msqrob2	0.5 - 0.125	0.3	38	35	3	0.0789473684210526	0.875
ms3	balanced	protein_ratio_naive_ls_noridge_msqrob2	1 - 0.667	0.3	26	26	0	0	0.65
ms3	balanced	protein_ratio_naive_ls_noridge_msqrob2	1 - 0.5	0.3	36	35	1	0.0277777777777778	0.875
ms3	balanced	protein_ratio_naive_ls_noridge_msqrob2	1 - 0.125	0.3	41	39	2	0.0487804878048781	0.975
ms3	balanced	protein_ratio_naive_ls_noridge_msqrob2	0.667 - 0.5	0.3	14	14	0	0	0.35
ms3	balanced	protein_ratio_naive_ls_noridge_msqrob2	0.667 - 0.125	0.3	39	38	1	0.0256410256410256	0.95
ms3	balanced	protein_ratio_naive_ls_noridge_msqrob2	0.5 - 0.125	0.3	36	35	1	0.0277777777777778	0.875
ms3	balanced	protein_drop_run_only_robust_noridge_msqrob2	1 - 0.667	0.3	32	32	0	0	0.8
ms3	balanced	protein_drop_run_only_robust_noridge_msqrob2	1 - 0.5	0.3	39	35	4	0.102564102564103	0.875
ms3	balanced	protein_drop_run_only_robust_noridge_msqrob2	1 - 0.125	0.3	43	40	3	0.0697674418604651	1
ms3	balanced	protein_drop_run_only_robust_noridge_msqrob2	0.667 - 0.5	0.3	19	19	0	0	0.475
ms3	balanced	protein_drop_run_only_robust_noridge_msqrob2	0.667 - 0.125	0.3	41	39	2	0.0487804878048781	0.975
ms3	balanced	protein_drop_run_only_robust_noridge_msqrob2	0.5 - 0.125	0.3	40	36	4	0.1	0.9
ms3	balanced	protein_drop_mixed_robust_ridge_msqrob2	1 - 0.667	0.3	32	32	0	0	0.8
ms3	balanced	protein_drop_mixed_robust_ridge_msqrob2	1 - 0.5	0.3	37	35	2	0.0540540540540541	0.875
ms3	balanced	protein_drop_mixed_robust_ridge_msqrob2	1 - 0.125	0.3	41	40	1	0.024390243902439	1
ms3	balanced	protein_drop_mixed_robust_ridge_msqrob2	0.667 - 0.5	0.3	18	18	0	0	0.45
ms3	balanced	protein_drop_mixed_robust_ridge_msqrob2	0.667 - 0.125	0.3	41	39	2	0.0487804878048781	0.975
ms3	balanced	protein_drop_mixed_robust_ridge_msqrob2	0.5 - 0.125	0.3	39	36	3	0.0769230769230769	0.9
ms3	balanced	protein_drop_dupcor_mixture_ls_noridge_limma	1 - 0.667	0.3	7	7	0	0	0.175
ms3	balanced	protein_drop_dupcor_mixture_ls_noridge_limma	1 - 0.5	0.3	26	24	2	0.0769230769230769	0.6
ms3	balanced	protein_drop_dupcor_mixture_ls_noridge_limma	1 - 0.125	0.3	39	37	2	0.0512820512820513	0.925
ms3	balanced	protein_drop_dupcor_mixture_ls_noridge_limma	0.667 - 0.5	0.3	0	0	0	NA	0
ms3	balanced	protein_drop_dupcor_mixture_ls_noridge_limma	0.667 - 0.125	0.3	37	35	2	0.0540540540540541	0.875
ms3	balanced	protein_drop_dupcor_mixture_ls_noridge_limma	0.5 - 0.125	0.3	37	33	4	0.108108108108108	0.825
ms3	balanced	protein_keep_dupcor_mixture_ls_noridge_limma	1 - 0.667	0.3	8	8	0	0	0.2
ms3	balanced	protein_keep_dupcor_mixture_ls_noridge_limma	1 - 0.5	0.3	28	25	3	0.107142857142857	0.625
ms3	balanced	protein_keep_dupcor_mixture_ls_noridge_limma	1 - 0.125	0.3	40	37	3	0.075	0.925
ms3	balanced	protein_keep_dupcor_mixture_ls_noridge_limma	0.667 - 0.5	0.3	1	1	0	0	0.025
ms3	balanced	protein_keep_dupcor_mixture_ls_noridge_limma	0.667 - 0.125	0.3	36	35	1	0.0277777777777778	0.875
ms3	balanced	protein_keep_dupcor_mixture_ls_noridge_limma	0.5 - 0.125	0.3	35	33	2	0.0571428571428571	0.825
ms3	balanced	protein_ratio_dupcor_mixture_ls_noridge_limma	1 - 0.667	0.3	29	29	0	0	0.725
ms3	balanced	protein_ratio_dupcor_mixture_ls_noridge_limma	1 - 0.5	0.3	37	35	2	0.0540540540540541	0.875
ms3	balanced	protein_ratio_dupcor_mixture_ls_noridge_limma	1 - 0.125	0.3	43	40	3	0.0697674418604651	1
ms3	balanced	protein_ratio_dupcor_mixture_ls_noridge_limma	0.667 - 0.5	0.3	16	16	0	0	0.4
ms3	balanced	protein_ratio_dupcor_mixture_ls_noridge_limma	0.667 - 0.125	0.3	40	39	1	0.025	0.975
ms3	balanced	protein_ratio_dupcor_mixture_ls_noridge_limma	0.5 - 0.125	0.3	39	35	4	0.102564102564103	0.875
ms3	balanced	psm_drop_mixed_robust_noridge_msqrob2	1 - 0.667	0.3	32	32	0	0	0.8
ms3	balanced	psm_drop_mixed_robust_noridge_msqrob2	1 - 0.5	0.3	39	36	3	0.0769230769230769	0.9
ms3	balanced	psm_drop_mixed_robust_noridge_msqrob2	1 - 0.125	0.3	43	40	3	0.0697674418604651	1
ms3	balanced	psm_drop_mixed_robust_noridge_msqrob2	0.667 - 0.5	0.3	18	18	0	0	0.45
ms3	balanced	psm_drop_mixed_robust_noridge_msqrob2	0.667 - 0.125	0.3	41	39	2	0.0487804878048781	0.975
ms3	balanced	psm_drop_mixed_robust_noridge_msqrob2	0.5 - 0.125	0.3	42	38	4	0.0952380952380952	0.95
ms3	balanced	psm_keep_mixed_robust_noridge_msqrob2	1 - 0.667	0.3	33	33	0	0	0.825
ms3	balanced	psm_keep_mixed_robust_noridge_msqrob2	1 - 0.5	0.3	41	36	5	0.121951219512195	0.9
ms3	balanced	psm_keep_mixed_robust_noridge_msqrob2	1 - 0.125	0.3	44	40	4	0.0909090909090909	1
ms3	balanced	psm_keep_mixed_robust_noridge_msqrob2	0.667 - 0.5	0.3	20	19	1	0.05	0.475
ms3	balanced	psm_keep_mixed_robust_noridge_msqrob2	0.667 - 0.125	0.3	41	39	2	0.0487804878048781	0.975
ms3	balanced	psm_keep_mixed_robust_noridge_msqrob2	0.5 - 0.125	0.3	40	38	2	0.05	0.95
ms3	balanced	psm_drop_mixed_ls_noridge_msqrob2	1 - 0.667	0.3	29	29	0	0	0.725
ms3	balanced	psm_drop_mixed_ls_noridge_msqrob2	1 - 0.5	0.3	38	36	2	0.0526315789473684	0.9
ms3	balanced	psm_drop_mixed_ls_noridge_msqrob2	1 - 0.125	0.3	42	39	3	0.0714285714285714	0.975
ms3	balanced	psm_drop_mixed_ls_noridge_msqrob2	0.667 - 0.5	0.3	14	14	0	0	0.35
ms3	balanced	psm_drop_mixed_ls_noridge_msqrob2	0.667 - 0.125	0.3	42	39	3	0.0714285714285714	0.975
ms3	balanced	psm_drop_mixed_ls_noridge_msqrob2	0.5 - 0.125	0.3	41	38	3	0.0731707317073171	0.95
ms3	balanced	psm_drop_mixed_robust_ridge_msqrob2	1 - 0.667	0.3	32	32	0	0	0.8
ms3	balanced	psm_drop_mixed_robust_ridge_msqrob2	1 - 0.5	0.3	37	35	2	0.0540540540540541	0.875
ms3	balanced	psm_drop_mixed_robust_ridge_msqrob2	1 - 0.125	0.3	43	40	3	0.0697674418604651	1
ms3	balanced	psm_drop_mixed_robust_ridge_msqrob2	0.667 - 0.5	0.3	17	17	0	0	0.425
ms3	balanced	psm_drop_mixed_robust_ridge_msqrob2	0.667 - 0.125	0.3	41	39	2	0.0487804878048781	0.975
ms3	balanced	psm_drop_mixed_robust_ridge_msqrob2	0.5 - 0.125	0.3	41	38	3	0.0731707317073171	0.95
ms3	unbalanced	protein_drop_mixed_robust_noridge_msqrob2	1 - 0.667	0.3	31	30	1	0.032258064516129	0.75
ms3	unbalanced	protein_drop_mixed_robust_noridge_msqrob2	1 - 0.5	0.3	42	35	7	0.166666666666667	0.875
ms3	unbalanced	protein_drop_mixed_robust_noridge_msqrob2	1 - 0.125	0.3	44	36	8	0.181818181818182	0.9
ms3	unbalanced	protein_drop_mixed_robust_noridge_msqrob2	0.667 - 0.5	0.3	21	16	5	0.238095238095238	0.4
ms3	unbalanced	protein_drop_mixed_robust_noridge_msqrob2	0.667 - 0.125	0.3	48	36	12	0.25	0.9
ms3	unbalanced	protein_drop_mixed_robust_noridge_msqrob2	0.5 - 0.125	0.3	35	33	2	0.0571428571428571	0.825
ms3	unbalanced	protein_drop_naive_robust_noridge_msqrob2	1 - 0.667	0.3	0	0	0	NA	0
ms3	unbalanced	protein_drop_naive_robust_noridge_msqrob2	1 - 0.5	0.3	63	16	47	0.746031746031746	0.4
ms3	unbalanced	protein_drop_naive_robust_noridge_msqrob2	1 - 0.125	0.3	89	35	54	0.606741573033708	0.875
ms3	unbalanced	protein_drop_naive_robust_noridge_msqrob2	0.667 - 0.5	0.3	51	4	47	0.92156862745098	0.1
ms3	unbalanced	protein_drop_naive_robust_noridge_msqrob2	0.667 - 0.125	0.3	98	30	68	0.693877551020408	0.75
ms3	unbalanced	protein_drop_naive_robust_noridge_msqrob2	0.5 - 0.125	0.3	24	24	0	0	0.6
ms3	unbalanced	protein_drop_dupcor_mixture_ls_noridge_limma	1 - 0.667	0.3	3	3	0	0	0.075
ms3	unbalanced	protein_drop_dupcor_mixture_ls_noridge_limma	1 - 0.5	0.3	31	11	20	0.645161290322581	0.275
ms3	unbalanced	protein_drop_dupcor_mixture_ls_noridge_limma	1 - 0.125	0.3	56	31	25	0.446428571428571	0.775
ms3	unbalanced	protein_drop_dupcor_mixture_ls_noridge_limma	0.667 - 0.5	0.3	25	0	25	1	0
ms3	unbalanced	protein_drop_dupcor_mixture_ls_noridge_limma	0.667 - 0.125	0.3	62	29	33	0.532258064516129	0.725
ms3	unbalanced	protein_drop_dupcor_mixture_ls_noridge_limma	0.5 - 0.125	0.3	26	26	0	0	0.65
ms2	balanced	protein_drop_mixed_robust_noridge_msqrob2	1 - 0.667	0.3	19	17	2	0.105263157894737	0.425
ms2	balanced	protein_drop_mixed_robust_noridge_msqrob2	1 - 0.5	0.3	37	36	1	0.027027027027027	0.9
ms2	balanced	protein_drop_mixed_robust_noridge_msqrob2	1 - 0.125	0.3	41	39	2	0.0487804878048781	0.975
ms2	balanced	protein_drop_mixed_robust_noridge_msqrob2	0.667 - 0.5	0.3	1	1	0	0	0.025
ms2	balanced	protein_drop_mixed_robust_noridge_msqrob2	0.667 - 0.125	0.3	39	39	0	0	0.975
ms2	balanced	protein_drop_mixed_robust_noridge_msqrob2	0.5 - 0.125	0.3	37	37	0	0	0.925
ms2	balanced	protein_drop_naive_robust_noridge_msqrob2	1 - 0.667	0.3	1	1	0	0	0.025
ms2	balanced	protein_drop_naive_robust_noridge_msqrob2	1 - 0.5	0.3	10	10	0	0	0.25
ms2	balanced	protein_drop_naive_robust_noridge_msqrob2	1 - 0.125	0.3	32	32	0	0	0.8
ms2	balanced	protein_drop_naive_robust_noridge_msqrob2	0.667 - 0.5	0.3	0	0	0	NA	0
ms2	balanced	protein_drop_naive_robust_noridge_msqrob2	0.667 - 0.125	0.3	28	28	0	0	0.7
ms2	balanced	protein_drop_naive_robust_noridge_msqrob2	0.5 - 0.125	0.3	18	18	0	0	0.45
ms2	balanced	protein_drop_dupcor_mixture_ls_noridge_limma	1 - 0.667	0.3	3	3	0	0	0.075
ms2	balanced	protein_drop_dupcor_mixture_ls_noridge_limma	1 - 0.5	0.3	21	20	1	0.0476190476190476	0.5
ms2	balanced	protein_drop_dupcor_mixture_ls_noridge_limma	1 - 0.125	0.3	36	36	0	0	0.9
ms2	balanced	protein_drop_dupcor_mixture_ls_noridge_limma	0.667 - 0.5	0.3	0	0	0	NA	0
ms2	balanced	protein_drop_dupcor_mixture_ls_noridge_limma	0.667 - 0.125	0.3	30	30	0	0	0.75
ms2	balanced	protein_drop_dupcor_mixture_ls_noridge_limma	0.5 - 0.125	0.3	26	26	0	0	0.65
ms3	balanced	protein_drop_mixed_robust_noridge_msqrob2	1 - 0.667	0.5	9	9	0	0	0.225
ms3	balanced	protein_drop_mixed_robust_noridge_msqrob2	1 - 0.5	0.5	37	34	3	0.0810810810810811	0.85
ms3	balanced	protein_drop_mixed_robust_noridge_msqrob2	1 - 0.125	0.5	41	39	2	0.0487804878048781	0.975
ms3	balanced	protein_drop_mixed_robust_noridge_msqrob2	0.667 - 0.5	0.5	0	0	0	NA	0
ms3	balanced	protein_drop_mixed_robust_noridge_msqrob2	0.667 - 0.125	0.5	39	37	2	0.0512820512820513	0.925
ms3	balanced	protein_drop_mixed_robust_noridge_msqrob2	0.5 - 0.125	0.5	40	36	4	0.1	0.9
ms3	balanced	protein_drop_naive_robust_noridge_msqrob2	1 - 0.667	0.5	0	0	0	NA	0
ms3	balanced	protein_drop_naive_robust_noridge_msqrob2	1 - 0.5	0.5	20	20	0	0	0.5
ms3	balanced	protein_drop_naive_robust_noridge_msqrob2	1 - 0.125	0.5	37	36	1	0.027027027027027	0.9
ms3	balanced	protein_drop_naive_robust_noridge_msqrob2	0.667 - 0.5	0.5	0	0	0	NA	0
ms3	balanced	protein_drop_naive_robust_noridge_msqrob2	0.667 - 0.125	0.5	34	34	0	0	0.85
ms3	balanced	protein_drop_naive_robust_noridge_msqrob2	0.5 - 0.125	0.5	29	29	0	0	0.725
ms3	balanced	protein_drop_mixed_ls_noridge_msqrob2	1 - 0.667	0.5	8	8	0	0	0.2
ms3	balanced	protein_drop_mixed_ls_noridge_msqrob2	1 - 0.5	0.5	35	34	1	0.0285714285714286	0.85
ms3	balanced	protein_drop_mixed_ls_noridge_msqrob2	1 - 0.125	0.5	40	38	2	0.05	0.95
ms3	balanced	protein_drop_mixed_ls_noridge_msqrob2	0.667 - 0.5	0.5	0	0	0	NA	0
ms3	balanced	protein_drop_mixed_ls_noridge_msqrob2	0.667 - 0.125	0.5	38	36	2	0.0526315789473684	0.9
ms3	balanced	protein_drop_mixed_ls_noridge_msqrob2	0.5 - 0.125	0.5	38	35	3	0.0789473684210526	0.875
ms3	balanced	protein_drop_naive_ls_noridge_msqrob2	1 - 0.667	0.5	0	0	0	NA	0
ms3	balanced	protein_drop_naive_ls_noridge_msqrob2	1 - 0.5	0.5	15	15	0	0	0.375
ms3	balanced	protein_drop_naive_ls_noridge_msqrob2	1 - 0.125	0.5	37	36	1	0.027027027027027	0.9
ms3	balanced	protein_drop_naive_ls_noridge_msqrob2	0.667 - 0.5	0.5	0	0	0	NA	0
ms3	balanced	protein_drop_naive_ls_noridge_msqrob2	0.667 - 0.125	0.5	33	33	0	0	0.825
ms3	balanced	protein_drop_naive_ls_noridge_msqrob2	0.5 - 0.125	0.5	28	28	0	0	0.7
ms3	balanced	protein_keep_mixed_robust_noridge_msqrob2	1 - 0.667	0.5	9	9	0	0	0.225
ms3	balanced	protein_keep_mixed_robust_noridge_msqrob2	1 - 0.5	0.5	35	34	1	0.0285714285714286	0.85
ms3	balanced	protein_keep_mixed_robust_noridge_msqrob2	1 - 0.125	0.5	41	39	2	0.0487804878048781	0.975
ms3	balanced	protein_keep_mixed_robust_noridge_msqrob2	0.667 - 0.5	0.5	0	0	0	NA	0
ms3	balanced	protein_keep_mixed_robust_noridge_msqrob2	0.667 - 0.125	0.5	38	37	1	0.0263157894736842	0.925
ms3	balanced	protein_keep_mixed_robust_noridge_msqrob2	0.5 - 0.125	0.5	37	36	1	0.027027027027027	0.9
ms3	balanced	protein_keep_naive_robust_noridge_msqrob2	1 - 0.667	0.5	0	0	0	NA	0
ms3	balanced	protein_keep_naive_robust_noridge_msqrob2	1 - 0.5	0.5	20	20	0	0	0.5
ms3	balanced	protein_keep_naive_robust_noridge_msqrob2	1 - 0.125	0.5	37	36	1	0.027027027027027	0.9
ms3	balanced	protein_keep_naive_robust_noridge_msqrob2	0.667 - 0.5	0.5	0	0	0	NA	0
ms3	balanced	protein_keep_naive_robust_noridge_msqrob2	0.667 - 0.125	0.5	35	34	1	0.0285714285714286	0.85
ms3	balanced	protein_keep_naive_robust_noridge_msqrob2	0.5 - 0.125	0.5	29	29	0	0	0.725
ms3	balanced	protein_keep_mixed_ls_noridge_msqrob2	1 - 0.667	0.5	8	8	0	0	0.2
ms3	balanced	protein_keep_mixed_ls_noridge_msqrob2	1 - 0.5	0.5	35	34	1	0.0285714285714286	0.85
ms3	balanced	protein_keep_mixed_ls_noridge_msqrob2	1 - 0.125	0.5	41	39	2	0.0487804878048781	0.975
ms3	balanced	protein_keep_mixed_ls_noridge_msqrob2	0.667 - 0.5	0.5	0	0	0	NA	0
ms3	balanced	protein_keep_mixed_ls_noridge_msqrob2	0.667 - 0.125	0.5	38	37	1	0.0263157894736842	0.925
ms3	balanced	protein_keep_mixed_ls_noridge_msqrob2	0.5 - 0.125	0.5	38	36	2	0.0526315789473684	0.9
ms3	balanced	protein_keep_naive_ls_noridge_msqrob2	1 - 0.667	0.5	0	0	0	NA	0
ms3	balanced	protein_keep_naive_ls_noridge_msqrob2	1 - 0.5	0.5	15	15	0	0	0.375
ms3	balanced	protein_keep_naive_ls_noridge_msqrob2	1 - 0.125	0.5	37	36	1	0.027027027027027	0.9
ms3	balanced	protein_keep_naive_ls_noridge_msqrob2	0.667 - 0.5	0.5	0	0	0	NA	0
ms3	balanced	protein_keep_naive_ls_noridge_msqrob2	0.667 - 0.125	0.5	33	33	0	0	0.825
ms3	balanced	protein_keep_naive_ls_noridge_msqrob2	0.5 - 0.125	0.5	28	28	0	0	0.7
ms3	balanced	protein_ratio_mixed_robust_noridge_msqrob2	1 - 0.667	0.5	9	9	0	0	0.225
ms3	balanced	protein_ratio_mixed_robust_noridge_msqrob2	1 - 0.5	0.5	37	34	3	0.0810810810810811	0.85
ms3	balanced	protein_ratio_mixed_robust_noridge_msqrob2	1 - 0.125	0.5	41	39	2	0.0487804878048781	0.975
ms3	balanced	protein_ratio_mixed_robust_noridge_msqrob2	0.667 - 0.5	0.5	0	0	0	NA	0
ms3	balanced	protein_ratio_mixed_robust_noridge_msqrob2	0.667 - 0.125	0.5	39	37	2	0.0512820512820513	0.925
ms3	balanced	protein_ratio_mixed_robust_noridge_msqrob2	0.5 - 0.125	0.5	40	36	4	0.1	0.9
ms3	balanced	protein_ratio_naive_robust_noridge_msqrob2	1 - 0.667	0.5	8	8	0	0	0.2
ms3	balanced	protein_ratio_naive_robust_noridge_msqrob2	1 - 0.5	0.5	35	34	1	0.0285714285714286	0.85
ms3	balanced	protein_ratio_naive_robust_noridge_msqrob2	1 - 0.125	0.5	40	39	1	0.025	0.975
ms3	balanced	protein_ratio_naive_robust_noridge_msqrob2	0.667 - 0.5	0.5	0	0	0	NA	0
ms3	balanced	protein_ratio_naive_robust_noridge_msqrob2	0.667 - 0.125	0.5	38	37	1	0.0263157894736842	0.925
ms3	balanced	protein_ratio_naive_robust_noridge_msqrob2	0.5 - 0.125	0.5	37	36	1	0.027027027027027	0.9
ms3	balanced	protein_ratio_mixed_ls_noridge_msqrob2	1 - 0.667	0.5	8	8	0	0	0.2
ms3	balanced	protein_ratio_mixed_ls_noridge_msqrob2	1 - 0.5	0.5	35	34	1	0.0285714285714286	0.85
ms3	balanced	protein_ratio_mixed_ls_noridge_msqrob2	1 - 0.125	0.5	40	38	2	0.05	0.95
ms3	balanced	protein_ratio_mixed_ls_noridge_msqrob2	0.667 - 0.5	0.5	0	0	0	NA	0
ms3	balanced	protein_ratio_mixed_ls_noridge_msqrob2	0.667 - 0.125	0.5	39	37	2	0.0512820512820513	0.925
ms3	balanced	protein_ratio_mixed_ls_noridge_msqrob2	0.5 - 0.125	0.5	38	35	3	0.0789473684210526	0.875
ms3	balanced	protein_ratio_naive_ls_noridge_msqrob2	1 - 0.667	0.5	8	8	0	0	0.2
ms3	balanced	protein_ratio_naive_ls_noridge_msqrob2	1 - 0.5	0.5	35	34	1	0.0285714285714286	0.85
ms3	balanced	protein_ratio_naive_ls_noridge_msqrob2	1 - 0.125	0.5	39	38	1	0.0256410256410256	0.95
ms3	balanced	protein_ratio_naive_ls_noridge_msqrob2	0.667 - 0.5	0.5	0	0	0	NA	0
ms3	balanced	protein_ratio_naive_ls_noridge_msqrob2	0.667 - 0.125	0.5	37	36	1	0.027027027027027	0.9
ms3	balanced	protein_ratio_naive_ls_noridge_msqrob2	0.5 - 0.125	0.5	36	35	1	0.0277777777777778	0.875
ms3	balanced	protein_drop_run_only_robust_noridge_msqrob2	1 - 0.667	0.5	9	9	0	0	0.225
ms3	balanced	protein_drop_run_only_robust_noridge_msqrob2	1 - 0.5	0.5	37	34	3	0.0810810810810811	0.85
ms3	balanced	protein_drop_run_only_robust_noridge_msqrob2	1 - 0.125	0.5	41	39	2	0.0487804878048781	0.975
ms3	balanced	protein_drop_run_only_robust_noridge_msqrob2	0.667 - 0.5	0.5	0	0	0	NA	0
ms3	balanced	protein_drop_run_only_robust_noridge_msqrob2	0.667 - 0.125	0.5	39	37	2	0.0512820512820513	0.925
ms3	balanced	protein_drop_run_only_robust_noridge_msqrob2	0.5 - 0.125	0.5	40	36	4	0.1	0.9
ms3	balanced	protein_drop_mixed_robust_ridge_msqrob2	1 - 0.667	0.5	9	9	0	0	0.225
ms3	balanced	protein_drop_mixed_robust_ridge_msqrob2	1 - 0.5	0.5	36	34	2	0.0555555555555556	0.85
ms3	balanced	protein_drop_mixed_robust_ridge_msqrob2	1 - 0.125	0.5	39	38	1	0.0256410256410256	0.95
ms3	balanced	protein_drop_mixed_robust_ridge_msqrob2	0.667 - 0.5	0.5	0	0	0	NA	0
ms3	balanced	protein_drop_mixed_robust_ridge_msqrob2	0.667 - 0.125	0.5	38	36	2	0.0526315789473684	0.9
ms3	balanced	protein_drop_mixed_robust_ridge_msqrob2	0.5 - 0.125	0.5	39	36	3	0.0769230769230769	0.9
ms3	balanced	protein_drop_dupcor_mixture_ls_noridge_limma	1 - 0.667	0.5	3	3	0	0	0.075
ms3	balanced	protein_drop_dupcor_mixture_ls_noridge_limma	1 - 0.5	0.5	26	24	2	0.0769230769230769	0.6
ms3	balanced	protein_drop_dupcor_mixture_ls_noridge_limma	1 - 0.125	0.5	39	37	2	0.0512820512820513	0.925
ms3	balanced	protein_drop_dupcor_mixture_ls_noridge_limma	0.667 - 0.5	0.5	0	0	0	NA	0
ms3	balanced	protein_drop_dupcor_mixture_ls_noridge_limma	0.667 - 0.125	0.5	36	34	2	0.0555555555555556	0.85
ms3	balanced	protein_drop_dupcor_mixture_ls_noridge_limma	0.5 - 0.125	0.5	36	33	3	0.0833333333333333	0.825
ms3	balanced	protein_keep_dupcor_mixture_ls_noridge_limma	1 - 0.667	0.5	3	3	0	0	0.075
ms3	balanced	protein_keep_dupcor_mixture_ls_noridge_limma	1 - 0.5	0.5	28	25	3	0.107142857142857	0.625
ms3	balanced	protein_keep_dupcor_mixture_ls_noridge_limma	1 - 0.125	0.5	40	37	3	0.075	0.925
ms3	balanced	protein_keep_dupcor_mixture_ls_noridge_limma	0.667 - 0.5	0.5	0	0	0	NA	0
ms3	balanced	protein_keep_dupcor_mixture_ls_noridge_limma	0.667 - 0.125	0.5	35	34	1	0.0285714285714286	0.85
ms3	balanced	protein_keep_dupcor_mixture_ls_noridge_limma	0.5 - 0.125	0.5	35	33	2	0.0571428571428571	0.825
ms3	balanced	protein_ratio_dupcor_mixture_ls_noridge_limma	1 - 0.667	0.5	8	8	0	0	0.2
ms3	balanced	protein_ratio_dupcor_mixture_ls_noridge_limma	1 - 0.5	0.5	36	34	2	0.0555555555555556	0.85
ms3	balanced	protein_ratio_dupcor_mixture_ls_noridge_limma	1 - 0.125	0.5	41	39	2	0.0487804878048781	0.975
ms3	balanced	protein_ratio_dupcor_mixture_ls_noridge_limma	0.667 - 0.5	0.5	0	0	0	NA	0
ms3	balanced	protein_ratio_dupcor_mixture_ls_noridge_limma	0.667 - 0.125	0.5	38	37	1	0.0263157894736842	0.925
ms3	balanced	protein_ratio_dupcor_mixture_ls_noridge_limma	0.5 - 0.125	0.5	38	35	3	0.0789473684210526	0.875
ms3	balanced	psm_drop_mixed_robust_noridge_msqrob2	1 - 0.667	0.5	7	7	0	0	0.175
ms3	balanced	psm_drop_mixed_robust_noridge_msqrob2	1 - 0.5	0.5	38	35	3	0.0789473684210526	0.875
ms3	balanced	psm_drop_mixed_robust_noridge_msqrob2	1 - 0.125	0.5	41	39	2	0.0487804878048781	0.975
ms3	balanced	psm_drop_mixed_robust_noridge_msqrob2	0.667 - 0.5	0.5	0	0	0	NA	0
ms3	balanced	psm_drop_mixed_robust_noridge_msqrob2	0.667 - 0.125	0.5	39	37	2	0.0512820512820513	0.925
ms3	balanced	psm_drop_mixed_robust_noridge_msqrob2	0.5 - 0.125	0.5	40	36	4	0.1	0.9
ms3	balanced	psm_keep_mixed_robust_noridge_msqrob2	1 - 0.667	0.5	7	7	0	0	0.175
ms3	balanced	psm_keep_mixed_robust_noridge_msqrob2	1 - 0.5	0.5	39	35	4	0.102564102564103	0.875
ms3	balanced	psm_keep_mixed_robust_noridge_msqrob2	1 - 0.125	0.5	42	39	3	0.0714285714285714	0.975
ms3	balanced	psm_keep_mixed_robust_noridge_msqrob2	0.667 - 0.5	0.5	0	0	0	NA	0
ms3	balanced	psm_keep_mixed_robust_noridge_msqrob2	0.667 - 0.125	0.5	38	37	1	0.0263157894736842	0.925
ms3	balanced	psm_keep_mixed_robust_noridge_msqrob2	0.5 - 0.125	0.5	38	36	2	0.0526315789473684	0.9
ms3	balanced	psm_drop_mixed_ls_noridge_msqrob2	1 - 0.667	0.5	6	6	0	0	0.15
ms3	balanced	psm_drop_mixed_ls_noridge_msqrob2	1 - 0.5	0.5	36	34	2	0.0555555555555556	0.85
ms3	balanced	psm_drop_mixed_ls_noridge_msqrob2	1 - 0.125	0.5	41	38	3	0.0731707317073171	0.95
ms3	balanced	psm_drop_mixed_ls_noridge_msqrob2	0.667 - 0.5	0.5	0	0	0	NA	0
ms3	balanced	psm_drop_mixed_ls_noridge_msqrob2	0.667 - 0.125	0.5	40	38	2	0.05	0.95
ms3	balanced	psm_drop_mixed_ls_noridge_msqrob2	0.5 - 0.125	0.5	39	36	3	0.0769230769230769	0.9
ms3	balanced	psm_drop_mixed_robust_ridge_msqrob2	1 - 0.667	0.5	7	7	0	0	0.175
ms3	balanced	psm_drop_mixed_robust_ridge_msqrob2	1 - 0.5	0.5	36	34	2	0.0555555555555556	0.85
ms3	balanced	psm_drop_mixed_robust_ridge_msqrob2	1 - 0.125	0.5	41	39	2	0.0487804878048781	0.975
ms3	balanced	psm_drop_mixed_robust_ridge_msqrob2	0.667 - 0.5	0.5	0	0	0	NA	0
ms3	balanced	psm_drop_mixed_robust_ridge_msqrob2	0.667 - 0.125	0.5	39	37	2	0.0512820512820513	0.925
ms3	balanced	psm_drop_mixed_robust_ridge_msqrob2	0.5 - 0.125	0.5	39	36	3	0.0769230769230769	0.9
ms3	unbalanced	protein_drop_mixed_robust_noridge_msqrob2	1 - 0.667	0.5	10	9	1	0.1	0.225
ms3	unbalanced	protein_drop_mixed_robust_noridge_msqrob2	1 - 0.5	0.5	39	34	5	0.128205128205128	0.85
ms3	unbalanced	protein_drop_mixed_robust_noridge_msqrob2	1 - 0.125	0.5	42	35	7	0.166666666666667	0.875
ms3	unbalanced	protein_drop_mixed_robust_noridge_msqrob2	0.667 - 0.5	0.5	6	1	5	0.833333333333333	0.025
ms3	unbalanced	protein_drop_mixed_robust_noridge_msqrob2	0.667 - 0.125	0.5	44	34	10	0.227272727272727	0.85
ms3	unbalanced	protein_drop_mixed_robust_noridge_msqrob2	0.5 - 0.125	0.5	34	33	1	0.0294117647058824	0.825
ms3	unbalanced	protein_drop_naive_robust_noridge_msqrob2	1 - 0.667	0.5	0	0	0	NA	0
ms3	unbalanced	protein_drop_naive_robust_noridge_msqrob2	1 - 0.5	0.5	61	16	45	0.737704918032787	0.4
ms3	unbalanced	protein_drop_naive_robust_noridge_msqrob2	1 - 0.125	0.5	82	35	47	0.573170731707317	0.875
ms3	unbalanced	protein_drop_naive_robust_noridge_msqrob2	0.667 - 0.5	0.5	48	4	44	0.916666666666667	0.1
ms3	unbalanced	protein_drop_naive_robust_noridge_msqrob2	0.667 - 0.125	0.5	91	30	61	0.67032967032967	0.75
ms3	unbalanced	protein_drop_naive_robust_noridge_msqrob2	0.5 - 0.125	0.5	24	24	0	0	0.6
ms3	unbalanced	protein_drop_dupcor_mixture_ls_noridge_limma	1 - 0.667	0.5	1	1	0	0	0.025
ms3	unbalanced	protein_drop_dupcor_mixture_ls_noridge_limma	1 - 0.5	0.5	31	11	20	0.645161290322581	0.275
ms3	unbalanced	protein_drop_dupcor_mixture_ls_noridge_limma	1 - 0.125	0.5	56	31	25	0.446428571428571	0.775
ms3	unbalanced	protein_drop_dupcor_mixture_ls_noridge_limma	0.667 - 0.5	0.5	25	0	25	1	0
ms3	unbalanced	protein_drop_dupcor_mixture_ls_noridge_limma	0.667 - 0.125	0.5	62	29	33	0.532258064516129	0.725
ms3	unbalanced	protein_drop_dupcor_mixture_ls_noridge_limma	0.5 - 0.125	0.5	26	26	0	0	0.65
ms2	balanced	protein_drop_mixed_robust_noridge_msqrob2	1 - 0.667	0.5	1	0	1	1	0
ms2	balanced	protein_drop_mixed_robust_noridge_msqrob2	1 - 0.5	0.5	18	17	1	0.0555555555555556	0.425
ms2	balanced	protein_drop_mixed_robust_noridge_msqrob2	1 - 0.125	0.5	38	37	1	0.0263157894736842	0.925
ms2	balanced	protein_drop_mixed_robust_noridge_msqrob2	0.667 - 0.5	0.5	0	0	0	NA	0
ms2	balanced	protein_drop_mixed_robust_noridge_msqrob2	0.667 - 0.125	0.5	34	34	0	0	0.85
ms2	balanced	protein_drop_mixed_robust_noridge_msqrob2	0.5 - 0.125	0.5	20	20	0	0	0.5
ms2	balanced	protein_drop_naive_robust_noridge_msqrob2	1 - 0.667	0.5	0	0	0	NA	0
ms2	balanced	protein_drop_naive_robust_noridge_msqrob2	1 - 0.5	0.5	6	6	0	0	0.15
ms2	balanced	protein_drop_naive_robust_noridge_msqrob2	1 - 0.125	0.5	32	32	0	0	0.8
ms2	balanced	protein_drop_naive_robust_noridge_msqrob2	0.667 - 0.5	0.5	0	0	0	NA	0
ms2	balanced	protein_drop_naive_robust_noridge_msqrob2	0.667 - 0.125	0.5	26	26	0	0	0.65
ms2	balanced	protein_drop_naive_robust_noridge_msqrob2	0.5 - 0.125	0.5	14	14	0	0	0.35
ms2	balanced	protein_drop_dupcor_mixture_ls_noridge_limma	1 - 0.667	0.5	0	0	0	NA	0
ms2	balanced	protein_drop_dupcor_mixture_ls_noridge_limma	1 - 0.5	0.5	13	12	1	0.0769230769230769	0.3
ms2	balanced	protein_drop_dupcor_mixture_ls_noridge_limma	1 - 0.125	0.5	36	36	0	0	0.9
ms2	balanced	protein_drop_dupcor_mixture_ls_noridge_limma	0.667 - 0.5	0.5	0	0	0	NA	0
ms2	balanced	protein_drop_dupcor_mixture_ls_noridge_limma	0.667 - 0.125	0.5	29	29	0	0	0.725
ms2	balanced	protein_drop_dupcor_mixture_ls_noridge_limma	0.5 - 0.125	0.5	17	17	0	0	0.425
