contrast	n_tested	n_ups_tested	n_hela_tested	n_fit_error	n_significant	tp	fp	fdp	sensitivity	ups_median_log2fc	ups_iqr_log2fc	hela_median_log2fc	expected_log2fc	bias	alpha	acquisition	design	variant	level	reference	structure	robust	ridge	engine
0.5 - 0.125	4235	40	4195	63	41	39	2	0.0487804878048781	0.975	1.13517	0.4548485	-0.00444159	2	-0.86483	0.01	ms3	balanced	protein_drop_mixed_robust_noridge_msqrob2	protein	drop	mixed	TRUE	FALSE	msqrob2
0.667 - 0.125	4235	40	4195	63	43	40	3	0.0697674418604651	1	1.41699	0.5698575	-0.00809445	2.41359408240918	-0.996604082409175	0.01	ms3	balanced	protein_drop_mixed_robust_noridge_msqrob2	protein	drop	mixed	TRUE	FALSE	msqrob2
0.667 - 0.5	4235	40	4195	63	29	27	2	0.0689655172413793	0.675	0.292623	0.100272	-0.00372193	0.413594082409175	-0.120971082409175	0.01	ms3	balanced	protein_drop_mixed_robust_noridge_msqrob2	protein	drop	mixed	TRUE	FALSE	msqrob2
1 - 0.125	4235	40	4195	63	45	40	5	0.111111111111111	1	1.86277	0.6538725	-0.00877005	3	-1.13723	0.01	ms3	balanced	protein_drop_mixed_robust_noridge_msqrob2	protein	drop	mixed	TRUE	FALSE	msqrob2
1 - 0.5	4235	40	4195	63	39	37	2	0.0512820512820513	0.925	0.737785	0.2245785	-0.00447625	1	-0.262215	0.01	ms3	balanced	protein_drop_mixed_robust_noridge_msqrob2	protein	drop	mixed	TRUE	FALSE	msqrob2
1 - 0.667	4235	40	4195	63	35	34	1	0.0285714285714286	0.85	0.436936	0.113283	-0.00183481	0.586405917590825	-0.149469917590825	0.01	ms3	balanced	protein_drop_mixed_robust_noridge_msqrob2	protein	drop	mixed	TRUE	FALSE	msqrob2
0.5 - 0.125	4235	40	4195	63	45	39	6	0.133333333333333	0.975	1.13517	0.4548485	-0.00444159	2	-0.86483	0.05	ms3	balanced	protein_drop_mixed_robust_noridge_msqrob2	protein	drop	mixed	TRUE	FALSE	msqrob2
0.667 - 0.125	4235	40	4195	63	51	40	11	0.215686274509804	1	1.41699	0.5698575	-0.00809445	2.41359408240918	-0.996604082409175	0.05	ms3	balanced	protein_drop_mixed_robust_noridge_msqrob2	protein	drop	mixed	TRUE	FALSE	msqrob2
0.667 - 0.5	4235	40	4195	63	35	32	3	0.0857142857142857	0.8	0.292623	0.100272	-0.00372193	0.413594082409175	-0.120971082409175	0.05	ms3	balanced	protein_drop_mixed_robust_noridge_msqrob2	protein	drop	mixed	TRUE	FALSE	msqrob2
1 - 0.125	4235	40	4195	63	56	40	16	0.285714285714286	1	1.86277	0.6538725	-0.00877005	3	-1.13723	0.05	ms3	balanced	protein_drop_mixed_robust_noridge_msqrob2	protein	drop	mixed	TRUE	FALSE	msqrob2
1 - 0.5	4235	40	4195	63	47	37	10	0.212765957446809	0.925	0.737785	0.2245785	-0.00447625	1	-0.262215	0.05	ms3	balanced	protein_drop_mixed_robust_noridge_msqrob2	protein	drop	mixed	TRUE	FALSE	msqrob2
1 - 0.667	4235	40	4195	63	38	35	3	0.0789473684210526	0.875	0.436936	0.113283	-0.00183481	0.586405917590825	-0.149469917590825	0.05	ms3	balanced	protein_drop_mixed_robust_noridge_msqrob2	protein	drop	mixed	TRUE	FALSE	msqrob2
0.5 - 0.125	4235	40	4195	63	51	39	12	0.235294117647059	0.975	1.13517	0.4548485	-0.00444159	2	-0.86483	0.1	ms3	balanced	protein_drop_mixed_robust_noridge_msqrob2	protein	drop	mixed	TRUE	FALSE	msqrob2
0.667 - 0.125	4235	40	4195	63	57	40	17	0.298245614035088	1	1.41699	0.5698575	-0.00809445	2.41359408240918	-0.996604082409175	0.1	ms3	balanced	protein_drop_mixed_robust_noridge_msqrob2	protein	drop	mixed	TRUE	FALSE	msqrob2
0.667 - 0.5	4235	40	4195	63	36	32	4	0.111111111111111	0.8	0.292623	0.100272	-0.00372193	0.413594082409175	-0.120971082409175	0.1	ms3	balanced	protein_drop_mixed_robust_noridge_msqrob2	protein	drop	mixed	TRUE	FALSE	msqrob2
1 - 0.125	4235	40	4195	63	71	40	31	0.436619718309859	1	1.86277	0.6538725	-0.00877005	3	-1.13723	0.1	ms3	balanced	protein_drop_mixed_robust_noridge_msqrob2	protein	drop	mixed	TRUE	FALSE	msqrob2
1 - 0.5	4235	40	4195	63	52	38	14	0.269230769230769	0.95	0.737785	0.2245785	-0.00447625	1	-0.262215	0.1	ms3	balanced	protein_drop_mixed_robust_noridge_msqrob2	protein	drop	mixed	TRUE	FALSE	msqrob2
1 - 0.667	4235	40	4195	63	43	35	8	0.186046511627907	0.875	0.436936	0.113283	-0.00183481	0.586405917590825	-0.149469917590825	0.1	ms3	balanced	protein_drop_mixed_robust_noridge_msqrob2	protein	drop	mixed	TRUE	FALSE	msqrob2
0.5 - 0.125	4287	40	4247	10	27	27	0	0	0.675	1.15381	0.49164125	-0.00426967	2	-0.84619	0.01	ms3	balanced	protein_drop_naive_robust_noridge_msqrob2	protein	drop	naive	TRUE	FALSE	msqrob2
0.667 - 0.125	4287	40	4247	10	31	31	0	0	0.775	1.427575	0.55466	-0.00730215	2.41359408240918	-0.986019082409175	0.01	ms3	balanced	protein_drop_naive_robust_noridge_msqrob2	protein	drop	naive	TRUE	FALSE	msqrob2
0.667 - 0.5	4288	40	4248	10	0	0	0	NA	0	0.2941805	0.10528575	-0.00315399	0.413594082409175	-0.119413582409175	0.01	ms3	balanced	protein_drop_naive_robust_noridge_msqrob2	protein	drop	naive	TRUE	FALSE	msqrob2
1 - 0.125	4287	40	4247	10	37	36	1	0.027027027027027	0.9	1.880715	0.6835775	-0.00927747	3	-1.119285	0.01	ms3	balanced	protein_drop_naive_robust_noridge_msqrob2	protein	drop	naive	TRUE	FALSE	msqrob2
1 - 0.5	4287	40	4247	10	11	11	0	0	0.275	0.7426665	0.202414	-0.00457079	1	-0.2573335	0.01	ms3	balanced	protein_drop_naive_robust_noridge_msqrob2	protein	drop	naive	TRUE	FALSE	msqrob2
1 - 0.667	4287	40	4247	10	1	1	0	0	0.025	0.433181	0.107993	-0.00137424	0.586405917590825	-0.153224917590825	0.01	ms3	balanced	protein_drop_naive_robust_noridge_msqrob2	protein	drop	naive	TRUE	FALSE	msqrob2
0.5 - 0.125	4287	40	4247	10	29	29	0	0	0.725	1.15381	0.49164125	-0.00426967	2	-0.84619	0.05	ms3	balanced	protein_drop_naive_robust_noridge_msqrob2	protein	drop	naive	TRUE	FALSE	msqrob2
0.667 - 0.125	4287	40	4247	10	34	34	0	0	0.85	1.427575	0.55466	-0.00730215	2.41359408240918	-0.986019082409175	0.05	ms3	balanced	protein_drop_naive_robust_noridge_msqrob2	protein	drop	naive	TRUE	FALSE	msqrob2
0.667 - 0.5	4288	40	4248	10	0	0	0	NA	0	0.2941805	0.10528575	-0.00315399	0.413594082409175	-0.119413582409175	0.05	ms3	balanced	protein_drop_naive_robust_noridge_msqrob2	protein	drop	naive	TRUE	FALSE	msqrob2
1 - 0.125	4287	40	4247	10	37	36	1	0.027027027027027	0.9	1.880715	0.6835775	-0.00927747	3	-1.119285	0.05	ms3	balanced	protein_drop_naive_robust_noridge_msqrob2	protein	drop	naive	TRUE	FALSE	msqrob2
1 - 0.5	4287	40	4247	10	20	20	0	0	0.5	0.7426665	0.202414	-0.00457079	1	-0.2573335	0.05	ms3	balanced	protein_drop_naive_robust_noridge_msqrob2	protein	drop	naive	TRUE	FALSE	msqrob2
1 - 0.667	4287	40	4247	10	1	1	0	0	0.025	0.433181	0.107993	-0.00137424	0.586405917590825	-0.153224917590825	0.05	ms3	balanced	protein_drop_naive_robust_noridge_msqrob2	protein	drop	naive	TRUE	FALSE	msqrob2
0.5 - 0.125	4287	40	4247	10	29	29	0	0	0.725	1.15381	0.49164125	-0.00426967	2	-0.84619	0.1	ms3	balanced	protein_drop_naive_robust_noridge_msqrob2	protein	drop	naive	TRUE	FALSE	msqrob2
0.667 - 0.125	4287	40	4247	10	36	35	1	0.0277777777777778	0.875	1.427575	0.55466	-0.00730215	2.41359408240918	-0.986019082409175	0.1	ms3	balanced	protein_drop_naive_robust_noridge_msqrob2	protein	drop	naive	TRUE	FALSE	msqrob2
0.667 - 0.5	4288	40	4248	10	0	0	0	NA	0	0.2941805	0.10528575	-0.00315399	0.413594082409175	-0.119413582409175	0.1	ms3	balanced	protein_drop_naive_robust_noridge_msqrob2	protein	drop	naive	TRUE	FALSE	msqrob2
1 - 0.125	4287	40	4247	10	37	36	1	0.027027027027027	0.9	1.880715	0.6835775	-0.00927747	3	-1.119285	0.1	ms3	balanced	protein_drop_naive_robust_noridge_msqrob2	protein	drop	naive	TRUE	FALSE	msqrob2
1 - 0.5	4287	40	4247	10	20	20	0	0	0.5	0.7426665	0.202414	-0.00457079	1	-0.2573335	0.1	ms3	balanced	protein_drop_naive_robust_noridge_msqrob2	protein	drop	naive	TRUE	FALSE	msqrob2
1 - 0.667	4287	40	4247	10	4	4	0	0	0.1	0.433181	0.107993	-0.00137424	0.586405917590825	-0.153224917590825	0.1	ms3	balanced	protein_drop_naive_robust_noridge_msqrob2	protein	drop	naive	TRUE	FALSE	msqrob2
0.5 - 0.125	4235	40	4195	63	38	37	1	0.0263157894736842	0.925	1.14161	0.44146775	-0.00452004	2	-0.85839	0.01	ms3	balanced	protein_drop_mixed_ls_noridge_msqrob2	protein	drop	mixed	FALSE	FALSE	msqrob2
0.667 - 0.125	4235	40	4195	63	40	39	1	0.025	0.975	1.422395	0.5330975	-0.0079418	2.41359408240918	-0.991199082409175	0.01	ms3	balanced	protein_drop_mixed_ls_noridge_msqrob2	protein	drop	mixed	FALSE	FALSE	msqrob2
0.667 - 0.5	4235	40	4195	63	20	20	0	0	0.5	0.3048905	0.099527	-0.00280711	0.413594082409175	-0.108703582409175	0.01	ms3	balanced	protein_drop_mixed_ls_noridge_msqrob2	protein	drop	mixed	FALSE	FALSE	msqrob2
1 - 0.125	4235	40	4195	63	41	39	2	0.0487804878048781	0.975	1.853705	0.6302925	-0.00884291	3	-1.146295	0.01	ms3	balanced	protein_drop_mixed_ls_noridge_msqrob2	protein	drop	mixed	FALSE	FALSE	msqrob2
1 - 0.5	4235	40	4195	63	36	36	0	0	0.9	0.7374	0.21646	-0.00444219	1	-0.2626	0.01	ms3	balanced	protein_drop_mixed_ls_noridge_msqrob2	protein	drop	mixed	FALSE	FALSE	msqrob2
1 - 0.667	4235	40	4195	63	30	30	0	0	0.75	0.42942	0.110874	-0.00205883	0.586405917590825	-0.156985917590825	0.01	ms3	balanced	protein_drop_mixed_ls_noridge_msqrob2	protein	drop	mixed	FALSE	FALSE	msqrob2
0.5 - 0.125	4235	40	4195	63	41	38	3	0.0731707317073171	0.95	1.14161	0.44146775	-0.00452004	2	-0.85839	0.05	ms3	balanced	protein_drop_mixed_ls_noridge_msqrob2	protein	drop	mixed	FALSE	FALSE	msqrob2
0.667 - 0.125	4235	40	4195	63	44	39	5	0.113636363636364	0.975	1.422395	0.5330975	-0.0079418	2.41359408240918	-0.991199082409175	0.05	ms3	balanced	protein_drop_mixed_ls_noridge_msqrob2	protein	drop	mixed	FALSE	FALSE	msqrob2
0.667 - 0.5	4235	40	4195	63	29	27	2	0.0689655172413793	0.675	0.3048905	0.099527	-0.00280711	0.413594082409175	-0.108703582409175	0.05	ms3	balanced	protein_drop_mixed_ls_noridge_msqrob2	protein	drop	mixed	FALSE	FALSE	msqrob2
1 - 0.125	4235	40	4195	63	45	39	6	0.133333333333333	0.975	1.853705	0.6302925	-0.00884291	3	-1.146295	0.05	ms3	balanced	protein_drop_mixed_ls_noridge_msqrob2	protein	drop	mixed	FALSE	FALSE	msqrob2
1 - 0.5	4235	40	4195	63	38	37	1	0.0263157894736842	0.925	0.7374	0.21646	-0.00444219	1	-0.2626	0.05	ms3	balanced	protein_drop_mixed_ls_noridge_msqrob2	protein	drop	mixed	FALSE	FALSE	msqrob2
1 - 0.667	4235	40	4195	63	35	34	1	0.0285714285714286	0.85	0.42942	0.110874	-0.00205883	0.586405917590825	-0.156985917590825	0.05	ms3	balanced	protein_drop_mixed_ls_noridge_msqrob2	protein	drop	mixed	FALSE	FALSE	msqrob2
0.5 - 0.125	4235	40	4195	63	44	39	5	0.113636363636364	0.975	1.14161	0.44146775	-0.00452004	2	-0.85839	0.1	ms3	balanced	protein_drop_mixed_ls_noridge_msqrob2	protein	drop	mixed	FALSE	FALSE	msqrob2
0.667 - 0.125	4235	40	4195	63	48	40	8	0.166666666666667	1	1.422395	0.5330975	-0.0079418	2.41359408240918	-0.991199082409175	0.1	ms3	balanced	protein_drop_mixed_ls_noridge_msqrob2	protein	drop	mixed	FALSE	FALSE	msqrob2
0.667 - 0.5	4235	40	4195	63	31	28	3	0.0967741935483871	0.7	0.3048905	0.099527	-0.00280711	0.413594082409175	-0.108703582409175	0.1	ms3	balanced	protein_drop_mixed_ls_noridge_msqrob2	protein	drop	mixed	FALSE	FALSE	msqrob2
1 - 0.125	4235	40	4195	63	53	40	13	0.245283018867925	1	1.853705	0.6302925	-0.00884291	3	-1.146295	0.1	ms3	balanced	protein_drop_mixed_ls_noridge_msqrob2	protein	drop	mixed	FALSE	FALSE	msqrob2
1 - 0.5	4235	40	4195	63	42	37	5	0.119047619047619	0.925	0.7374	0.21646	-0.00444219	1	-0.2626	0.1	ms3	balanced	protein_drop_mixed_ls_noridge_msqrob2	protein	drop	mixed	FALSE	FALSE	msqrob2
1 - 0.667	4235	40	4195	63	36	34	2	0.0555555555555556	0.85	0.42942	0.110874	-0.00205883	0.586405917590825	-0.156985917590825	0.1	ms3	balanced	protein_drop_mixed_ls_noridge_msqrob2	protein	drop	mixed	FALSE	FALSE	msqrob2
0.5 - 0.125	4292	40	4252	5	23	23	0	0	0.575	1.14161	0.501479	-0.00464993	2	-0.85839	0.01	ms3	balanced	protein_drop_naive_ls_noridge_msqrob2	protein	drop	naive	FALSE	FALSE	msqrob2
0.667 - 0.125	4292	40	4252	5	29	29	0	0	0.725	1.422395	0.5330975	-0.007861325	2.41359408240918	-0.991199082409175	0.01	ms3	balanced	protein_drop_naive_ls_noridge_msqrob2	protein	drop	naive	FALSE	FALSE	msqrob2
0.667 - 0.5	4293	40	4253	5	0	0	0	NA	0	0.3048905	0.099527	-0.00294558	0.413594082409175	-0.108703582409175	0.01	ms3	balanced	protein_drop_naive_ls_noridge_msqrob2	protein	drop	naive	FALSE	FALSE	msqrob2
1 - 0.125	4292	40	4252	5	37	36	1	0.027027027027027	0.9	1.853705	0.6882325	-0.00905099	3	-1.146295	0.01	ms3	balanced	protein_drop_naive_ls_noridge_msqrob2	protein	drop	naive	FALSE	FALSE	msqrob2
1 - 0.5	4292	40	4252	5	8	8	0	0	0.2	0.7374	0.203458	-0.00447153	1	-0.2626	0.01	ms3	balanced	protein_drop_naive_ls_noridge_msqrob2	protein	drop	naive	FALSE	FALSE	msqrob2
1 - 0.667	4292	40	4252	5	1	1	0	0	0.025	0.42942	0.11644475	-0.001794145	0.586405917590825	-0.156985917590825	0.01	ms3	balanced	protein_drop_naive_ls_noridge_msqrob2	protein	drop	naive	FALSE	FALSE	msqrob2
0.5 - 0.125	4292	40	4252	5	28	28	0	0	0.7	1.14161	0.501479	-0.00464993	2	-0.85839	0.05	ms3	balanced	protein_drop_naive_ls_noridge_msqrob2	protein	drop	naive	FALSE	FALSE	msqrob2
0.667 - 0.125	4292	40	4252	5	33	33	0	0	0.825	1.422395	0.5330975	-0.007861325	2.41359408240918	-0.991199082409175	0.05	ms3	balanced	protein_drop_naive_ls_noridge_msqrob2	protein	drop	naive	FALSE	FALSE	msqrob2
0.667 - 0.5	4293	40	4253	5	0	0	0	NA	0	0.3048905	0.099527	-0.00294558	0.413594082409175	-0.108703582409175	0.05	ms3	balanced	protein_drop_naive_ls_noridge_msqrob2	protein	drop	naive	FALSE	FALSE	msqrob2
1 - 0.125	4292	40	4252	5	37	36	1	0.027027027027027	0.9	1.853705	0.6882325	-0.00905099	3	-1.146295	0.05	ms3	balanced	protein_drop_naive_ls_noridge_msqrob2	protein	drop	naive	FALSE	FALSE	msqrob2
1 - 0.5	4292	40	4252	5	15	15	0	0	0.375	0.7374	0.203458	-0.00447153	1	-0.2626	0.05	ms3	balanced	protein_drop_naive_ls_noridge_msqrob2	protein	drop	naive	FALSE	FALSE	msqrob2
1 - 0.667	4292	40	4252	5	1	1	0	0	0.025	0.42942	0.11644475	-0.001794145	0.586405917590825	-0.156985917590825	0.05	ms3	balanced	protein_drop_naive_ls_noridge_msqrob2	protein	drop	naive	FALSE	FALSE	msqrob2
0.5 - 0.125	4292	40	4252	5	28	28	0	0	0.7	1.14161	0.501479	-0.00464993	2	-0.85839	0.1	ms3	balanced	protein_drop_naive_ls_noridge_msqrob2	protein	drop	naive	FALSE	FALSE	msqrob2
0.667 - 0.125	4292	40	4252	5	33	33	0	0	0.825	1.422395	0.5330975	-0.007861325	2.41359408240918	-0.991199082409175	0.1	ms3	balanced	protein_drop_naive_ls_noridge_msqrob2	protein	drop	naive	FALSE	FALSE	msqrob2
0.667 - 0.5	4293	40	4253	5	0	0	0	NA	0	0.3048905	0.099527	-0.00294558	0.413594082409175	-0.108703582409175	0.1	ms3	balanced	protein_drop_naive_ls_noridge_msqrob2	protein	drop	naive	FALSE	FALSE	msqrob2
1 - 0.125	4292	40	4252	5	37	36	1	0.027027027027027	0.9	1.853705	0.6882325	-0.00905099	3	-1.146295	0.1	ms3	balanced	protein_drop_naive_ls_noridge_msqrob2	protein	drop	naive	FALSE	FALSE	msqrob2
1 - 0.5	4292	40	4252	5	16	16	0	0	0.4	0.7374	0.203458	-0.00447153	1	-0.2626	0.1	ms3	balanced	protein_drop_naive_ls_noridge_msqrob2	protein	drop	naive	FALSE	FALSE	msqrob2
1 - 0.667	4292	40	4252	5	2	2	0	0	0.05	0.42942	0.11644475	-0.001794145	0.586405917590825	-0.156985917590825	0.1	ms3	balanced	protein_drop_naive_ls_noridge_msqrob2	protein	drop	naive	FALSE	FALSE	msqrob2
0.5 - 0.125	4235	40	4195	63	41	39	2	0.0487804878048781	0.975	1.13141	0.4479105	-0.00445378	2	-0.86859	0.01	ms3	balanced	protein_keep_mixed_robust_noridge_msqrob2	protein	keep	mixed	TRUE	FALSE	msqrob2
0.667 - 0.125	4235	40	4195	63	43	40	3	0.0697674418604651	1	1.41511	0.5685475	-0.00805007	2.41359408240918	-0.998484082409175	0.01	ms3	balanced	protein_keep_mixed_robust_noridge_msqrob2	protein	keep	mixed	TRUE	FALSE	msqrob2
0.667 - 0.5	4235	40	4195	63	30	29	1	0.0333333333333333	0.725	0.295671	0.10756425	-0.00367903	0.413594082409175	-0.117923082409175	0.01	ms3	balanced	protein_keep_mixed_robust_noridge_msqrob2	protein	keep	mixed	TRUE	FALSE	msqrob2
1 - 0.125	4235	40	4195	63	46	40	6	0.130434782608696	1	1.8658	0.648935	-0.00859743	3	-1.1342	0.01	ms3	balanced	protein_keep_mixed_robust_noridge_msqrob2	protein	keep	mixed	TRUE	FALSE	msqrob2
1 - 0.5	4235	40	4195	63	38	37	1	0.0263157894736842	0.925	0.739534	0.22810125	-0.00447059	1	-0.260466	0.01	ms3	balanced	protein_keep_mixed_robust_noridge_msqrob2	protein	keep	mixed	TRUE	FALSE	msqrob2
1 - 0.667	4235	40	4195	63	35	34	1	0.0285714285714286	0.85	0.4364285	0.11709825	-0.00194611	0.586405917590825	-0.149977417590825	0.01	ms3	balanced	protein_keep_mixed_robust_noridge_msqrob2	protein	keep	mixed	TRUE	FALSE	msqrob2
0.5 - 0.125	4235	40	4195	63	46	39	7	0.152173913043478	0.975	1.13141	0.4479105	-0.00445378	2	-0.86859	0.05	ms3	balanced	protein_keep_mixed_robust_noridge_msqrob2	protein	keep	mixed	TRUE	FALSE	msqrob2
0.667 - 0.125	4235	40	4195	63	47	40	7	0.148936170212766	1	1.41511	0.5685475	-0.00805007	2.41359408240918	-0.998484082409175	0.05	ms3	balanced	protein_keep_mixed_robust_noridge_msqrob2	protein	keep	mixed	TRUE	FALSE	msqrob2
0.667 - 0.5	4235	40	4195	63	35	32	3	0.0857142857142857	0.8	0.295671	0.10756425	-0.00367903	0.413594082409175	-0.117923082409175	0.05	ms3	balanced	protein_keep_mixed_robust_noridge_msqrob2	protein	keep	mixed	TRUE	FALSE	msqrob2
1 - 0.125	4235	40	4195	63	56	40	16	0.285714285714286	1	1.8658	0.648935	-0.00859743	3	-1.1342	0.05	ms3	balanced	protein_keep_mixed_robust_noridge_msqrob2	protein	keep	mixed	TRUE	FALSE	msqrob2
1 - 0.5	4235	40	4195	63	41	37	4	0.0975609756097561	0.925	0.739534	0.22810125	-0.00447059	1	-0.260466	0.05	ms3	balanced	protein_keep_mixed_robust_noridge_msqrob2	protein	keep	mixed	TRUE	FALSE	msqrob2
1 - 0.667	4235	40	4195	63	40	36	4	0.1	0.9	0.4364285	0.11709825	-0.00194611	0.586405917590825	-0.149977417590825	0.05	ms3	balanced	protein_keep_mixed_robust_noridge_msqrob2	protein	keep	mixed	TRUE	FALSE	msqrob2
0.5 - 0.125	4235	40	4195	63	53	39	14	0.264150943396226	0.975	1.13141	0.4479105	-0.00445378	2	-0.86859	0.1	ms3	balanced	protein_keep_mixed_robust_noridge_msqrob2	protein	keep	mixed	TRUE	FALSE	msqrob2
0.667 - 0.125	4235	40	4195	63	58	40	18	0.310344827586207	1	1.41511	0.5685475	-0.00805007	2.41359408240918	-0.998484082409175	0.1	ms3	balanced	protein_keep_mixed_robust_noridge_msqrob2	protein	keep	mixed	TRUE	FALSE	msqrob2
0.667 - 0.5	4235	40	4195	63	37	32	5	0.135135135135135	0.8	0.295671	0.10756425	-0.00367903	0.413594082409175	-0.117923082409175	0.1	ms3	balanced	protein_keep_mixed_robust_noridge_msqrob2	protein	keep	mixed	TRUE	FALSE	msqrob2
1 - 0.125	4235	40	4195	63	65	40	25	0.384615384615385	1	1.8658	0.648935	-0.00859743	3	-1.1342	0.1	ms3	balanced	protein_keep_mixed_robust_noridge_msqrob2	protein	keep	mixed	TRUE	FALSE	msqrob2
1 - 0.5	4235	40	4195	63	53	38	15	0.283018867924528	0.95	0.739534	0.22810125	-0.00447059	1	-0.260466	0.1	ms3	balanced	protein_keep_mixed_robust_noridge_msqrob2	protein	keep	mixed	TRUE	FALSE	msqrob2
1 - 0.667	4235	40	4195	63	42	37	5	0.119047619047619	0.925	0.4364285	0.11709825	-0.00194611	0.586405917590825	-0.149977417590825	0.1	ms3	balanced	protein_keep_mixed_robust_noridge_msqrob2	protein	keep	mixed	TRUE	FALSE	msqrob2
0.5 - 0.125	4287	40	4247	10	28	28	0	0	0.7	1.154965	0.49126075	-0.00413008	2	-0.845035	0.01	ms3	balanced	protein_keep_naive_robust_noridge_msqrob2	protein	keep	naive	TRUE	FALSE	msqrob2
0.667 - 0.125	4287	40	4247	10	33	33	0	0	0.825	1.421555	0.5544075	-0.00701016	2.41359408240918	-0.992039082409175	0.01	ms3	balanced	protein_keep_naive_robust_noridge_msqrob2	protein	keep	naive	TRUE	FALSE	msqrob2
0.667 - 0.5	4288	40	4248	10	0	0	0	NA	0	0.295779	0.1062835	-0.00316572	0.413594082409175	-0.117815082409175	0.01	ms3	balanced	protein_keep_naive_robust_noridge_msqrob2	protein	keep	naive	TRUE	FALSE	msqrob2
1 - 0.125	4287	40	4247	10	37	36	1	0.027027027027027	0.9	1.88073	0.68461	-0.00904101	3	-1.11927	0.01	ms3	balanced	protein_keep_naive_robust_noridge_msqrob2	protein	keep	naive	TRUE	FALSE	msqrob2
1 - 0.5	4287	40	4247	10	11	11	0	0	0.275	0.7428475	0.20160475	-0.00449816	1	-0.2571525	0.01	ms3	balanced	protein_keep_naive_robust_noridge_msqrob2	protein	keep	naive	TRUE	FALSE	msqrob2
1 - 0.667	4287	40	4247	10	1	1	0	0	0.025	0.438038	0.10945825	-0.00134415	0.586405917590825	-0.148367917590825	0.01	ms3	balanced	protein_keep_naive_robust_noridge_msqrob2	protein	keep	naive	TRUE	FALSE	msqrob2
0.5 - 0.125	4287	40	4247	10	29	29	0	0	0.725	1.154965	0.49126075	-0.00413008	2	-0.845035	0.05	ms3	balanced	protein_keep_naive_robust_noridge_msqrob2	protein	keep	naive	TRUE	FALSE	msqrob2
0.667 - 0.125	4287	40	4247	10	35	34	1	0.0285714285714286	0.85	1.421555	0.5544075	-0.00701016	2.41359408240918	-0.992039082409175	0.05	ms3	balanced	protein_keep_naive_robust_noridge_msqrob2	protein	keep	naive	TRUE	FALSE	msqrob2
0.667 - 0.5	4288	40	4248	10	0	0	0	NA	0	0.295779	0.1062835	-0.00316572	0.413594082409175	-0.117815082409175	0.05	ms3	balanced	protein_keep_naive_robust_noridge_msqrob2	protein	keep	naive	TRUE	FALSE	msqrob2
1 - 0.125	4287	40	4247	10	37	36	1	0.027027027027027	0.9	1.88073	0.68461	-0.00904101	3	-1.11927	0.05	ms3	balanced	protein_keep_naive_robust_noridge_msqrob2	protein	keep	naive	TRUE	FALSE	msqrob2
1 - 0.5	4287	40	4247	10	20	20	0	0	0.5	0.7428475	0.20160475	-0.00449816	1	-0.2571525	0.05	ms3	balanced	protein_keep_naive_robust_noridge_msqrob2	protein	keep	naive	TRUE	FALSE	msqrob2
1 - 0.667	4287	40	4247	10	1	1	0	0	0.025	0.438038	0.10945825	-0.00134415	0.586405917590825	-0.148367917590825	0.05	ms3	balanced	protein_keep_naive_robust_noridge_msqrob2	protein	keep	naive	TRUE	FALSE	msqrob2
0.5 - 0.125	4287	40	4247	10	29	29	0	0	0.725	1.154965	0.49126075	-0.00413008	2	-0.845035	0.1	ms3	balanced	protein_keep_naive_robust_noridge_msqrob2	protein	keep	naive	TRUE	FALSE	msqrob2
0.667 - 0.125	4287	40	4247	10	36	35	1	0.0277777777777778	0.875	1.421555	0.5544075	-0.00701016	2.41359408240918	-0.992039082409175	0.1	ms3	balanced	protein_keep_naive_robust_noridge_msqrob2	protein	keep	naive	TRUE	FALSE	msqrob2
0.667 - 0.5	4288	40	4248	10	0	0	0	NA	0	0.295779	0.1062835	-0.00316572	0.413594082409175	-0.117815082409175	0.1	ms3	balanced	protein_keep_naive_robust_noridge_msqrob2	protein	keep	naive	TRUE	FALSE	msqrob2
1 - 0.125	4287	40	4247	10	37	36	1	0.027027027027027	0.9	1.88073	0.68461	-0.00904101	3	-1.11927	0.1	ms3	balanced	protein_keep_naive_robust_noridge_msqrob2	protein	keep	naive	TRUE	FALSE	msqrob2
1 - 0.5	4287	40	4247	10	21	21	0	0	0.525	0.7428475	0.20160475	-0.00449816	1	-0.2571525	0.1	ms3	balanced	protein_keep_naive_robust_noridge_msqrob2	protein	keep	naive	TRUE	FALSE	msqrob2
1 - 0.667	4287	40	4247	10	4	4	0	0	0.1	0.438038	0.10945825	-0.00134415	0.586405917590825	-0.148367917590825	0.1	ms3	balanced	protein_keep_naive_robust_noridge_msqrob2	protein	keep	naive	TRUE	FALSE	msqrob2
0.5 - 0.125	4235	40	4195	63	39	38	1	0.0256410256410256	0.95	1.14161	0.44146775	-0.00454159	2	-0.85839	0.01	ms3	balanced	protein_keep_mixed_ls_noridge_msqrob2	protein	keep	mixed	FALSE	FALSE	msqrob2
0.667 - 0.125	4235	40	4195	63	40	39	1	0.025	0.975	1.422395	0.5330975	-0.00781505	2.41359408240918	-0.991199082409175	0.01	ms3	balanced	protein_keep_mixed_ls_noridge_msqrob2	protein	keep	mixed	FALSE	FALSE	msqrob2
0.667 - 0.5	4235	40	4195	63	24	24	0	0	0.6	0.3048905	0.099527	-0.00280089	0.413594082409175	-0.108703582409175	0.01	ms3	balanced	protein_keep_mixed_ls_noridge_msqrob2	protein	keep	mixed	FALSE	FALSE	msqrob2
1 - 0.125	4235	40	4195	63	42	39	3	0.0714285714285714	0.975	1.853705	0.623505	-0.00879295	3	-1.146295	0.01	ms3	balanced	protein_keep_mixed_ls_noridge_msqrob2	protein	keep	mixed	FALSE	FALSE	msqrob2
1 - 0.5	4235	40	4195	63	38	37	1	0.0263157894736842	0.925	0.7374	0.215259	-0.00442375	1	-0.2626	0.01	ms3	balanced	protein_keep_mixed_ls_noridge_msqrob2	protein	keep	mixed	FALSE	FALSE	msqrob2
1 - 0.667	4235	40	4195	63	31	31	0	0	0.775	0.42942	0.110874	-0.00207289	0.586405917590825	-0.156985917590825	0.01	ms3	balanced	protein_keep_mixed_ls_noridge_msqrob2	protein	keep	mixed	FALSE	FALSE	msqrob2
0.5 - 0.125	4235	40	4195	63	41	39	2	0.0487804878048781	0.975	1.14161	0.44146775	-0.00454159	2	-0.85839	0.05	ms3	balanced	protein_keep_mixed_ls_noridge_msqrob2	protein	keep	mixed	FALSE	FALSE	msqrob2
0.667 - 0.125	4235	40	4195	63	43	40	3	0.0697674418604651	1	1.422395	0.5330975	-0.00781505	2.41359408240918	-0.991199082409175	0.05	ms3	balanced	protein_keep_mixed_ls_noridge_msqrob2	protein	keep	mixed	FALSE	FALSE	msqrob2
0.667 - 0.5	4235	40	4195	63	28	26	2	0.0714285714285714	0.65	0.3048905	0.099527	-0.00280089	0.413594082409175	-0.108703582409175	0.05	ms3	balanced	protein_keep_mixed_ls_noridge_msqrob2	protein	keep	mixed	FALSE	FALSE	msqrob2
1 - 0.125	4235	40	4195	63	45	40	5	0.111111111111111	1	1.853705	0.623505	-0.00879295	3	-1.146295	0.05	ms3	balanced	protein_keep_mixed_ls_noridge_msqrob2	protein	keep	mixed	FALSE	FALSE	msqrob2
1 - 0.5	4235	40	4195	63	38	37	1	0.0263157894736842	0.925	0.7374	0.215259	-0.00442375	1	-0.2626	0.05	ms3	balanced	protein_keep_mixed_ls_noridge_msqrob2	protein	keep	mixed	FALSE	FALSE	msqrob2
1 - 0.667	4235	40	4195	63	34	33	1	0.0294117647058824	0.825	0.42942	0.110874	-0.00207289	0.586405917590825	-0.156985917590825	0.05	ms3	balanced	protein_keep_mixed_ls_noridge_msqrob2	protein	keep	mixed	FALSE	FALSE	msqrob2
0.5 - 0.125	4235	40	4195	63	44	39	5	0.113636363636364	0.975	1.14161	0.44146775	-0.00454159	2	-0.85839	0.1	ms3	balanced	protein_keep_mixed_ls_noridge_msqrob2	protein	keep	mixed	FALSE	FALSE	msqrob2
0.667 - 0.125	4235	40	4195	63	48	40	8	0.166666666666667	1	1.422395	0.5330975	-0.00781505	2.41359408240918	-0.991199082409175	0.1	ms3	balanced	protein_keep_mixed_ls_noridge_msqrob2	protein	keep	mixed	FALSE	FALSE	msqrob2
0.667 - 0.5	4235	40	4195	63	31	28	3	0.0967741935483871	0.7	0.3048905	0.099527	-0.00280089	0.413594082409175	-0.108703582409175	0.1	ms3	balanced	protein_keep_mixed_ls_noridge_msqrob2	protein	keep	mixed	FALSE	FALSE	msqrob2
1 - 0.125	4235	40	4195	63	54	40	14	0.259259259259259	1	1.853705	0.623505	-0.00879295	3	-1.146295	0.1	ms3	balanced	protein_keep_mixed_ls_noridge_msqrob2	protein	keep	mixed	FALSE	FALSE	msqrob2
1 - 0.5	4235	40	4195	63	41	37	4	0.0975609756097561	0.925	0.7374	0.215259	-0.00442375	1	-0.2626	0.1	ms3	balanced	protein_keep_mixed_ls_noridge_msqrob2	protein	keep	mixed	FALSE	FALSE	msqrob2
1 - 0.667	4235	40	4195	63	36	35	1	0.0277777777777778	0.875	0.42942	0.110874	-0.00207289	0.586405917590825	-0.156985917590825	0.1	ms3	balanced	protein_keep_mixed_ls_noridge_msqrob2	protein	keep	mixed	FALSE	FALSE	msqrob2
0.5 - 0.125	4292	40	4252	5	27	27	0	0	0.675	1.14161	0.501479	-0.00464993	2	-0.85839	0.01	ms3	balanced	protein_keep_naive_ls_noridge_msqrob2	protein	keep	naive	FALSE	FALSE	msqrob2
0.667 - 0.125	4292	40	4252	5	29	29	0	0	0.725	1.422395	0.5330975	-0.007861325	2.41359408240918	-0.991199082409175	0.01	ms3	balanced	protein_keep_naive_ls_noridge_msqrob2	protein	keep	naive	FALSE	FALSE	msqrob2
0.667 - 0.5	4293	40	4253	5	0	0	0	NA	0	0.3048905	0.099527	-0.00294558	0.413594082409175	-0.108703582409175	0.01	ms3	balanced	protein_keep_naive_ls_noridge_msqrob2	protein	keep	naive	FALSE	FALSE	msqrob2
1 - 0.125	4292	40	4252	5	37	36	1	0.027027027027027	0.9	1.853705	0.6882325	-0.00905099	3	-1.146295	0.01	ms3	balanced	protein_keep_naive_ls_noridge_msqrob2	protein	keep	naive	FALSE	FALSE	msqrob2
1 - 0.5	4292	40	4252	5	8	8	0	0	0.2	0.7374	0.203458	-0.00447153	1	-0.2626	0.01	ms3	balanced	protein_keep_naive_ls_noridge_msqrob2	protein	keep	naive	FALSE	FALSE	msqrob2
1 - 0.667	4292	40	4252	5	1	1	0	0	0.025	0.42942	0.11644475	-0.001794145	0.586405917590825	-0.156985917590825	0.01	ms3	balanced	protein_keep_naive_ls_noridge_msqrob2	protein	keep	naive	FALSE	FALSE	msqrob2
0.5 - 0.125	4292	40	4252	5	28	28	0	0	0.7	1.14161	0.501479	-0.00464993	2	-0.85839	0.05	ms3	balanced	protein_keep_naive_ls_noridge_msqrob2	protein	keep	naive	FALSE	FALSE	msqrob2
0.667 - 0.125	4292	40	4252	5	33	33	0	0	0.825	1.422395	0.5330975	-0.007861325	2.41359408240918	-0.991199082409175	0.05	ms3	balanced	protein_keep_naive_ls_noridge_msqrob2	protein	keep	naive	FALSE	FALSE	msqrob2
0.667 - 0.5	4293	40	4253	5	0	0	0	NA	0	0.3048905	0.099527	-0.00294558	0.413594082409175	-0.108703582409175	0.05	ms3	balanced	protein_keep_naive_ls_noridge_msqrob2	protein	keep	naive	FALSE	FALSE	msqrob2
1 - 0.125	4292	40	4252	5	37	36	1	0.027027027027027	0.9	1.853705	0.6882325	-0.00905099	3	-1.146295	0.05	ms3	balanced	protein_keep_naive_ls_noridge_msqrob2	protein	keep	naive	FALSE	FALSE	msqrob2
1 - 0.5	4292	40	4252	5	15	15	0	0	0.375	0.7374	0.203458	-0.00447153	1	-0.2626	0.05	ms3	balanced	protein_keep_naive_ls_noridge_msqrob2	protein	keep	naive	FALSE	FALSE	msqrob2
1 - 0.667	4292	40	4252	5	1	1	0	0	0.025	0.42942	0.11644475	-0.001794145	0.586405917590825	-0.156985917590825	0.05	ms3	balanced	protein_keep_naive_ls_noridge_msqrob2	protein	keep	naive	FALSE	FALSE	msqrob2
0.5 - 0.125	4292	40	4252	5	28	28	0	0	0.7	1.14161	0.501479	-0.00464993	2	-0.85839	0.1	ms3	balanced	protein_keep_naive_ls_noridge_msqrob2	protein	keep	naive	FALSE	FALSE	msqrob2
0.667 - 0.125	4292	40	4252	5	34	33	1	0.0294117647058824	0.825	1.422395	0.5330975	-0.007861325	2.41359408240918	-0.991199082409175	0.1	ms3	balanced	protein_keep_naive_ls_noridge_msqrob2	protein	keep	naive	FALSE	FALSE	msqrob2
0.667 - 0.5	4293	40	4253	5	0	0	0	NA	0	0.3048905	0.099527	-0.00294558	0.413594082409175	-0.108703582409175	0.1	ms3	balanced	protein_keep_naive_ls_noridge_msqrob2	protein	keep	naive	FALSE	FALSE	msqrob2
1 - 0.125	4292	40	4252	5	37	36	1	0.027027027027027	0.9	1.853705	0.6882325	-0.00905099	3	-1.146295	0.1	ms3	balanced	protein_keep_naive_ls_noridge_msqrob2	protein	keep	naive	FALSE	FALSE	msqrob2
1 - 0.5	4292	40	4252	5	16	16	0	0	0.4	0.7374	0.203458	-0.00447153	1	-0.2626	0.1	ms3	balanced	protein_keep_naive_ls_noridge_msqrob2	protein	keep	naive	FALSE	FALSE	msqrob2
1 - 0.667	4292	40	4252	5	2	2	0	0	0.05	0.42942	0.11644475	-0.001794145	0.586405917590825	-0.156985917590825	0.1	ms3	balanced	protein_keep_naive_ls_noridge_msqrob2	protein	keep	naive	FALSE	FALSE	msqrob2
0.5 - 0.125	4231	40	4191	67	40	39	1	0.025	0.975	1.12223	0.436674	-0.00434271	2	-0.87777	0.01	ms3	balanced	protein_ratio_mixed_robust_noridge_msqrob2	protein	ratio	mixed	TRUE	FALSE	msqrob2
0.667 - 0.125	4231	40	4191	67	42	39	3	0.0714285714285714	0.975	1.410545	0.569545000000001	-0.00767794	2.41359408240918	-1.00304908240918	0.01	ms3	balanced	protein_ratio_mixed_robust_noridge_msqrob2	protein	ratio	mixed	TRUE	FALSE	msqrob2
0.667 - 0.5	4231	40	4191	67	29	29	0	0	0.725	0.2984415	0.10212475	-0.00354455	0.413594082409175	-0.115152582409175	0.01	ms3	balanced	protein_ratio_mixed_robust_noridge_msqrob2	protein	ratio	mixed	TRUE	FALSE	msqrob2
1 - 0.125	4231	40	4191	67	45	40	5	0.111111111111111	1	1.856785	0.63326	-0.00876862	3	-1.143215	0.01	ms3	balanced	protein_ratio_mixed_robust_noridge_msqrob2	protein	ratio	mixed	TRUE	FALSE	msqrob2
1 - 0.5	4231	40	4191	67	38	37	1	0.0263157894736842	0.925	0.739019	0.22915375	-0.00439806	1	-0.260981	0.01	ms3	balanced	protein_ratio_mixed_robust_noridge_msqrob2	protein	ratio	mixed	TRUE	FALSE	msqrob2
1 - 0.667	4231	40	4191	67	35	34	1	0.0285714285714286	0.85	0.4384605	0.1185845	-0.00168772	0.586405917590825	-0.147945417590825	0.01	ms3	balanced	protein_ratio_mixed_robust_noridge_msqrob2	protein	ratio	mixed	TRUE	FALSE	msqrob2
0.5 - 0.125	4231	40	4191	67	46	39	7	0.152173913043478	0.975	1.12223	0.436674	-0.00434271	2	-0.87777	0.05	ms3	balanced	protein_ratio_mixed_robust_noridge_msqrob2	protein	ratio	mixed	TRUE	FALSE	msqrob2
0.667 - 0.125	4231	40	4191	67	49	40	9	0.183673469387755	1	1.410545	0.569545000000001	-0.00767794	2.41359408240918	-1.00304908240918	0.05	ms3	balanced	protein_ratio_mixed_robust_noridge_msqrob2	protein	ratio	mixed	TRUE	FALSE	msqrob2
0.667 - 0.5	4231	40	4191	67	34	31	3	0.0882352941176471	0.775	0.2984415	0.10212475	-0.00354455	0.413594082409175	-0.115152582409175	0.05	ms3	balanced	protein_ratio_mixed_robust_noridge_msqrob2	protein	ratio	mixed	TRUE	FALSE	msqrob2
1 - 0.125	4231	40	4191	67	58	40	18	0.310344827586207	1	1.856785	0.63326	-0.00876862	3	-1.143215	0.05	ms3	balanced	protein_ratio_mixed_robust_noridge_msqrob2	protein	ratio	mixed	TRUE	FALSE	msqrob2
1 - 0.5	4231	40	4191	67	46	37	9	0.195652173913043	0.925	0.739019	0.22915375	-0.00439806	1	-0.260981	0.05	ms3	balanced	protein_ratio_mixed_robust_noridge_msqrob2	protein	ratio	mixed	TRUE	FALSE	msqrob2
1 - 0.667	4231	40	4191	67	41	35	6	0.146341463414634	0.875	0.4384605	0.1185845	-0.00168772	0.586405917590825	-0.147945417590825	0.05	ms3	balanced	protein_ratio_mixed_robust_noridge_msqrob2	protein	ratio	mixed	TRUE	FALSE	msqrob2
0.5 - 0.125	4231	40	4191	67	50	39	11	0.22	0.975	1.12223	0.436674	-0.00434271	2	-0.87777	0.1	ms3	balanced	protein_ratio_mixed_robust_noridge_msqrob2	protein	ratio	mixed	TRUE	FALSE	msqrob2
0.667 - 0.125	4231	40	4191	67	57	40	17	0.298245614035088	1	1.410545	0.569545000000001	-0.00767794	2.41359408240918	-1.00304908240918	0.1	ms3	balanced	protein_ratio_mixed_robust_noridge_msqrob2	protein	ratio	mixed	TRUE	FALSE	msqrob2
0.667 - 0.5	4231	40	4191	67	35	32	3	0.0857142857142857	0.8	0.2984415	0.10212475	-0.00354455	0.413594082409175	-0.115152582409175	0.1	ms3	balanced	protein_ratio_mixed_robust_noridge_msqrob2	protein	ratio	mixed	TRUE	FALSE	msqrob2
1 - 0.125	4231	40	4191	67	72	40	32	0.444444444444444	1	1.856785	0.63326	-0.00876862	3	-1.143215	0.1	ms3	balanced	protein_ratio_mixed_robust_noridge_msqrob2	protein	ratio	mixed	TRUE	FALSE	msqrob2
1 - 0.5	4231	40	4191	67	51	37	14	0.274509803921569	0.925	0.739019	0.22915375	-0.00439806	1	-0.260981	0.1	ms3	balanced	protein_ratio_mixed_robust_noridge_msqrob2	protein	ratio	mixed	TRUE	FALSE	msqrob2
1 - 0.667	4231	40	4191	67	45	36	9	0.2	0.9	0.4384605	0.1185845	-0.00168772	0.586405917590825	-0.147945417590825	0.1	ms3	balanced	protein_ratio_mixed_robust_noridge_msqrob2	protein	ratio	mixed	TRUE	FALSE	msqrob2
0.5 - 0.125	4286	40	4246	11	39	38	1	0.0256410256410256	0.95	1.119585	0.455862	-0.004264475	2	-0.880415	0.01	ms3	balanced	protein_ratio_naive_robust_noridge_msqrob2	protein	ratio	naive	TRUE	FALSE	msqrob2
0.667 - 0.125	4286	40	4246	11	40	39	1	0.025	0.975	1.41062	0.5777875	-0.007442775	2.41359408240918	-1.00297408240918	0.01	ms3	balanced	protein_ratio_naive_robust_noridge_msqrob2	protein	ratio	naive	TRUE	FALSE	msqrob2
0.667 - 0.5	4287	40	4247	11	22	22	0	0	0.55	0.302594	0.09915375	-0.00356882	0.413594082409175	-0.111000082409175	0.01	ms3	balanced	protein_ratio_naive_robust_noridge_msqrob2	protein	ratio	naive	TRUE	FALSE	msqrob2
1 - 0.125	4286	40	4246	11	40	39	1	0.025	0.975	1.852405	0.6397975	-0.00901957	3	-1.147595	0.01	ms3	balanced	protein_ratio_naive_robust_noridge_msqrob2	protein	ratio	naive	TRUE	FALSE	msqrob2
1 - 0.5	4286	40	4246	11	38	37	1	0.0263157894736842	0.925	0.7378595	0.222689	-0.004814815	1	-0.2621405	0.01	ms3	balanced	protein_ratio_naive_robust_noridge_msqrob2	protein	ratio	naive	TRUE	FALSE	msqrob2
1 - 0.667	4286	40	4246	11	29	29	0	0	0.725	0.4292165	0.1267145	-0.00202713	0.586405917590825	-0.157189417590825	0.01	ms3	balanced	protein_ratio_naive_robust_noridge_msqrob2	protein	ratio	naive	TRUE	FALSE	msqrob2
0.5 - 0.125	4286	40	4246	11	40	39	1	0.025	0.975	1.119585	0.455862	-0.004264475	2	-0.880415	0.05	ms3	balanced	protein_ratio_naive_robust_noridge_msqrob2	protein	ratio	naive	TRUE	FALSE	msqrob2
0.667 - 0.125	4286	40	4246	11	41	40	1	0.024390243902439	1	1.41062	0.5777875	-0.007442775	2.41359408240918	-1.00297408240918	0.05	ms3	balanced	protein_ratio_naive_robust_noridge_msqrob2	protein	ratio	naive	TRUE	FALSE	msqrob2
0.667 - 0.5	4287	40	4247	11	28	28	0	0	0.7	0.302594	0.09915375	-0.00356882	0.413594082409175	-0.111000082409175	0.05	ms3	balanced	protein_ratio_naive_robust_noridge_msqrob2	protein	ratio	naive	TRUE	FALSE	msqrob2
1 - 0.125	4286	40	4246	11	46	40	6	0.130434782608696	1	1.852405	0.6397975	-0.00901957	3	-1.147595	0.05	ms3	balanced	protein_ratio_naive_robust_noridge_msqrob2	protein	ratio	naive	TRUE	FALSE	msqrob2
1 - 0.5	4286	40	4246	11	38	37	1	0.0263157894736842	0.925	0.7378595	0.222689	-0.004814815	1	-0.2621405	0.05	ms3	balanced	protein_ratio_naive_robust_noridge_msqrob2	protein	ratio	naive	TRUE	FALSE	msqrob2
1 - 0.667	4286	40	4246	11	33	33	0	0	0.825	0.4292165	0.1267145	-0.00202713	0.586405917590825	-0.157189417590825	0.05	ms3	balanced	protein_ratio_naive_robust_noridge_msqrob2	protein	ratio	naive	TRUE	FALSE	msqrob2
0.5 - 0.125	4286	40	4246	11	41	39	2	0.0487804878048781	0.975	1.119585	0.455862	-0.004264475	2	-0.880415	0.1	ms3	balanced	protein_ratio_naive_robust_noridge_msqrob2	protein	ratio	naive	TRUE	FALSE	msqrob2
0.667 - 0.125	4286	40	4246	11	43	40	3	0.0697674418604651	1	1.41062	0.5777875	-0.007442775	2.41359408240918	-1.00297408240918	0.1	ms3	balanced	protein_ratio_naive_robust_noridge_msqrob2	protein	ratio	naive	TRUE	FALSE	msqrob2
0.667 - 0.5	4287	40	4247	11	29	28	1	0.0344827586206897	0.7	0.302594	0.09915375	-0.00356882	0.413594082409175	-0.111000082409175	0.1	ms3	balanced	protein_ratio_naive_robust_noridge_msqrob2	protein	ratio	naive	TRUE	FALSE	msqrob2
1 - 0.125	4286	40	4246	11	50	40	10	0.2	1	1.852405	0.6397975	-0.00901957	3	-1.147595	0.1	ms3	balanced	protein_ratio_naive_robust_noridge_msqrob2	protein	ratio	naive	TRUE	FALSE	msqrob2
1 - 0.5	4286	40	4246	11	39	37	2	0.0512820512820513	0.925	0.7378595	0.222689	-0.004814815	1	-0.2621405	0.1	ms3	balanced	protein_ratio_naive_robust_noridge_msqrob2	protein	ratio	naive	TRUE	FALSE	msqrob2
1 - 0.667	4286	40	4246	11	36	35	1	0.0277777777777778	0.875	0.4292165	0.1267145	-0.00202713	0.586405917590825	-0.157189417590825	0.1	ms3	balanced	protein_ratio_naive_robust_noridge_msqrob2	protein	ratio	naive	TRUE	FALSE	msqrob2
0.5 - 0.125	4231	40	4191	67	39	38	1	0.0256410256410256	0.95	1.14161	0.44146775	-0.00463257	2	-0.85839	0.01	ms3	balanced	protein_ratio_mixed_ls_noridge_msqrob2	protein	ratio	mixed	FALSE	FALSE	msqrob2
0.667 - 0.125	4231	40	4191	67	40	39	1	0.025	0.975	1.422395	0.5330975	-0.00790919	2.41359408240918	-0.991199082409175	0.01	ms3	balanced	protein_ratio_mixed_ls_noridge_msqrob2	protein	ratio	mixed	FALSE	FALSE	msqrob2
0.667 - 0.5	4231	40	4191	67	20	20	0	0	0.5	0.3048905	0.099527	-0.0028863	0.413594082409175	-0.108703582409175	0.01	ms3	balanced	protein_ratio_mixed_ls_noridge_msqrob2	protein	ratio	mixed	FALSE	FALSE	msqrob2
1 - 0.125	4231	40	4191	67	42	39	3	0.0714285714285714	0.975	1.853705	0.619515	-0.00879295	3	-1.146295	0.01	ms3	balanced	protein_ratio_mixed_ls_noridge_msqrob2	protein	ratio	mixed	FALSE	FALSE	msqrob2
1 - 0.5	4231	40	4191	67	36	36	0	0	0.9	0.7374	0.2158	-0.00445789	1	-0.2626	0.01	ms3	balanced	protein_ratio_mixed_ls_noridge_msqrob2	protein	ratio	mixed	FALSE	FALSE	msqrob2
1 - 0.667	4231	40	4191	67	30	30	0	0	0.75	0.42942	0.110874	-0.00205701	0.586405917590825	-0.156985917590825	0.01	ms3	balanced	protein_ratio_mixed_ls_noridge_msqrob2	protein	ratio	mixed	FALSE	FALSE	msqrob2
0.5 - 0.125	4231	40	4191	67	41	38	3	0.0731707317073171	0.95	1.14161	0.44146775	-0.00463257	2	-0.85839	0.05	ms3	balanced	protein_ratio_mixed_ls_noridge_msqrob2	protein	ratio	mixed	FALSE	FALSE	msqrob2
0.667 - 0.125	4231	40	4191	67	45	40	5	0.111111111111111	1	1.422395	0.5330975	-0.00790919	2.41359408240918	-0.991199082409175	0.05	ms3	balanced	protein_ratio_mixed_ls_noridge_msqrob2	protein	ratio	mixed	FALSE	FALSE	msqrob2
0.667 - 0.5	4231	40	4191	67	29	27	2	0.0689655172413793	0.675	0.3048905	0.099527	-0.0028863	0.413594082409175	-0.108703582409175	0.05	ms3	balanced	protein_ratio_mixed_ls_noridge_msqrob2	protein	ratio	mixed	FALSE	FALSE	msqrob2
1 - 0.125	4231	40	4191	67	45	39	6	0.133333333333333	0.975	1.853705	0.619515	-0.00879295	3	-1.146295	0.05	ms3	balanced	protein_ratio_mixed_ls_noridge_msqrob2	protein	ratio	mixed	FALSE	FALSE	msqrob2
1 - 0.5	4231	40	4191	67	38	37	1	0.0263157894736842	0.925	0.7374	0.2158	-0.00445789	1	-0.2626	0.05	ms3	balanced	protein_ratio_mixed_ls_noridge_msqrob2	protein	ratio	mixed	FALSE	FALSE	msqrob2
1 - 0.667	4231	40	4191	67	35	34	1	0.0285714285714286	0.85	0.42942	0.110874	-0.00205701	0.586405917590825	-0.156985917590825	0.05	ms3	balanced	protein_ratio_mixed_ls_noridge_msqrob2	protein	ratio	mixed	FALSE	FALSE	msqrob2
0.5 - 0.125	4231	40	4191	67	44	39	5	0.113636363636364	0.975	1.14161	0.44146775	-0.00463257	2	-0.85839	0.1	ms3	balanced	protein_ratio_mixed_ls_noridge_msqrob2	protein	ratio	mixed	FALSE	FALSE	msqrob2
0.667 - 0.125	4231	40	4191	67	48	40	8	0.166666666666667	1	1.422395	0.5330975	-0.00790919	2.41359408240918	-0.991199082409175	0.1	ms3	balanced	protein_ratio_mixed_ls_noridge_msqrob2	protein	ratio	mixed	FALSE	FALSE	msqrob2
0.667 - 0.5	4231	40	4191	67	31	28	3	0.0967741935483871	0.7	0.3048905	0.099527	-0.0028863	0.413594082409175	-0.108703582409175	0.1	ms3	balanced	protein_ratio_mixed_ls_noridge_msqrob2	protein	ratio	mixed	FALSE	FALSE	msqrob2
1 - 0.125	4231	40	4191	67	53	40	13	0.245283018867925	1	1.853705	0.619515	-0.00879295	3	-1.146295	0.1	ms3	balanced	protein_ratio_mixed_ls_noridge_msqrob2	protein	ratio	mixed	FALSE	FALSE	msqrob2
1 - 0.5	4231	40	4191	67	40	37	3	0.075	0.925	0.7374	0.2158	-0.00445789	1	-0.2626	0.1	ms3	balanced	protein_ratio_mixed_ls_noridge_msqrob2	protein	ratio	mixed	FALSE	FALSE	msqrob2
1 - 0.667	4231	40	4191	67	36	34	2	0.0555555555555556	0.85	0.42942	0.110874	-0.00205701	0.586405917590825	-0.156985917590825	0.1	ms3	balanced	protein_ratio_mixed_ls_noridge_msqrob2	protein	ratio	mixed	FALSE	FALSE	msqrob2
0.5 - 0.125	4291	40	4251	6	37	36	1	0.027027027027027	0.9	1.14161	0.460376	-0.00452004	2	-0.85839	0.01	ms3	balanced	protein_ratio_naive_ls_noridge_msqrob2	protein	ratio	naive	FALSE	FALSE	msqrob2
0.667 - 0.125	4291	40	4251	6	40	39	1	0.025	0.975	1.422395	0.5316125	-0.0079418	2.41359408240918	-0.991199082409175	0.01	ms3	balanced	protein_ratio_naive_ls_noridge_msqrob2	protein	ratio	naive	FALSE	FALSE	msqrob2
0.667 - 0.5	4292	40	4252	6	14	14	0	0	0.35	0.3048905	0.099527	-0.002934	0.413594082409175	-0.108703582409175	0.01	ms3	balanced	protein_ratio_naive_ls_noridge_msqrob2	protein	ratio	naive	FALSE	FALSE	msqrob2
1 - 0.125	4291	40	4251	6	41	39	2	0.0487804878048781	0.975	1.853705	0.604785	-0.00895824	3	-1.146295	0.01	ms3	balanced	protein_ratio_naive_ls_noridge_msqrob2	protein	ratio	naive	FALSE	FALSE	msqrob2
1 - 0.5	4291	40	4251	6	36	36	0	0	0.9	0.7374	0.20656825	-0.00442375	1	-0.2626	0.01	ms3	balanced	protein_ratio_naive_ls_noridge_msqrob2	protein	ratio	naive	FALSE	FALSE	msqrob2
1 - 0.667	4291	40	4251	6	27	27	0	0	0.675	0.4307525	0.110874	-0.00196566	0.586405917590825	-0.155653417590825	0.01	ms3	balanced	protein_ratio_naive_ls_noridge_msqrob2	protein	ratio	naive	FALSE	FALSE	msqrob2
0.5 - 0.125	4291	40	4251	6	39	38	1	0.0256410256410256	0.95	1.14161	0.460376	-0.00452004	2	-0.85839	0.05	ms3	balanced	protein_ratio_naive_ls_noridge_msqrob2	protein	ratio	naive	FALSE	FALSE	msqrob2
0.667 - 0.125	4291	40	4251	6	40	39	1	0.025	0.975	1.422395	0.5316125	-0.0079418	2.41359408240918	-0.991199082409175	0.05	ms3	balanced	protein_ratio_naive_ls_noridge_msqrob2	protein	ratio	naive	FALSE	FALSE	msqrob2
0.667 - 0.5	4292	40	4252	6	20	20	0	0	0.5	0.3048905	0.099527	-0.002934	0.413594082409175	-0.108703582409175	0.05	ms3	balanced	protein_ratio_naive_ls_noridge_msqrob2	protein	ratio	naive	FALSE	FALSE	msqrob2
1 - 0.125	4291	40	4251	6	42	39	3	0.0714285714285714	0.975	1.853705	0.604785	-0.00895824	3	-1.146295	0.05	ms3	balanced	protein_ratio_naive_ls_noridge_msqrob2	protein	ratio	naive	FALSE	FALSE	msqrob2
1 - 0.5	4291	40	4251	6	38	37	1	0.0263157894736842	0.925	0.7374	0.20656825	-0.00442375	1	-0.2626	0.05	ms3	balanced	protein_ratio_naive_ls_noridge_msqrob2	protein	ratio	naive	FALSE	FALSE	msqrob2
1 - 0.667	4291	40	4251	6	29	29	0	0	0.725	0.4307525	0.110874	-0.00196566	0.586405917590825	-0.155653417590825	0.05	ms3	balanced	protein_ratio_naive_ls_noridge_msqrob2	protein	ratio	naive	FALSE	FALSE	msqrob2
0.5 - 0.125	4291	40	4251	6	40	38	2	0.05	0.95	1.14161	0.460376	-0.00452004	2	-0.85839	0.1	ms3	balanced	protein_ratio_naive_ls_noridge_msqrob2	protein	ratio	naive	FALSE	FALSE	msqrob2
0.667 - 0.125	4291	40	4251	6	41	40	1	0.024390243902439	1	1.422395	0.5316125	-0.0079418	2.41359408240918	-0.991199082409175	0.1	ms3	balanced	protein_ratio_naive_ls_noridge_msqrob2	protein	ratio	naive	FALSE	FALSE	msqrob2
0.667 - 0.5	4292	40	4252	6	25	25	0	0	0.625	0.3048905	0.099527	-0.002934	0.413594082409175	-0.108703582409175	0.1	ms3	balanced	protein_ratio_naive_ls_noridge_msqrob2	protein	ratio	naive	FALSE	FALSE	msqrob2
1 - 0.125	4291	40	4251	6	42	39	3	0.0714285714285714	0.975	1.853705	0.604785	-0.00895824	3	-1.146295	0.1	ms3	balanced	protein_ratio_naive_ls_noridge_msqrob2	protein	ratio	naive	FALSE	FALSE	msqrob2
1 - 0.5	4291	40	4251	6	38	37	1	0.0263157894736842	0.925	0.7374	0.20656825	-0.00442375	1	-0.2626	0.1	ms3	balanced	protein_ratio_naive_ls_noridge_msqrob2	protein	ratio	naive	FALSE	FALSE	msqrob2
1 - 0.667	4291	40	4251	6	32	32	0	0	0.8	0.4307525	0.110874	-0.00196566	0.586405917590825	-0.155653417590825	0.1	ms3	balanced	protein_ratio_naive_ls_noridge_msqrob2	protein	ratio	naive	FALSE	FALSE	msqrob2
0.5 - 0.125	4269	40	4229	29	41	39	2	0.0487804878048781	0.975	1.13517	0.45463425	-0.00427758	2	-0.86483	0.01	ms3	balanced	protein_drop_run_only_robust_noridge_msqrob2	protein	drop	run_only	TRUE	FALSE	msqrob2
0.667 - 0.125	4269	40	4229	29	43	40	3	0.0697674418604651	1	1.41699	0.5696825	-0.00801881	2.41359408240918	-0.996604082409175	0.01	ms3	balanced	protein_drop_run_only_robust_noridge_msqrob2	protein	drop	run_only	TRUE	FALSE	msqrob2
0.667 - 0.5	4269	40	4229	29	30	28	2	0.0666666666666667	0.7	0.292623	0.10391475	-0.00360039	0.413594082409175	-0.120971082409175	0.01	ms3	balanced	protein_drop_run_only_robust_noridge_msqrob2	protein	drop	run_only	TRUE	FALSE	msqrob2
1 - 0.125	4269	40	4229	29	45	40	5	0.111111111111111	1	1.86277	0.65417	-0.00877003	3	-1.13723	0.01	ms3	balanced	protein_drop_run_only_robust_noridge_msqrob2	protein	drop	run_only	TRUE	FALSE	msqrob2
1 - 0.5	4269	40	4229	29	38	37	1	0.0263157894736842	0.925	0.7374825	0.221909	-0.00459281	1	-0.2625175	0.01	ms3	balanced	protein_drop_run_only_robust_noridge_msqrob2	protein	drop	run_only	TRUE	FALSE	msqrob2
1 - 0.667	4269	40	4229	29	35	34	1	0.0285714285714286	0.85	0.436294	0.11115425	-0.00197761	0.586405917590825	-0.150111917590825	0.01	ms3	balanced	protein_drop_run_only_robust_noridge_msqrob2	protein	drop	run_only	TRUE	FALSE	msqrob2
0.5 - 0.125	4269	40	4229	29	45	39	6	0.133333333333333	0.975	1.13517	0.45463425	-0.00427758	2	-0.86483	0.05	ms3	balanced	protein_drop_run_only_robust_noridge_msqrob2	protein	drop	run_only	TRUE	FALSE	msqrob2
0.667 - 0.125	4269	40	4229	29	51	40	11	0.215686274509804	1	1.41699	0.5696825	-0.00801881	2.41359408240918	-0.996604082409175	0.05	ms3	balanced	protein_drop_run_only_robust_noridge_msqrob2	protein	drop	run_only	TRUE	FALSE	msqrob2
0.667 - 0.5	4269	40	4229	29	35	32	3	0.0857142857142857	0.8	0.292623	0.10391475	-0.00360039	0.413594082409175	-0.120971082409175	0.05	ms3	balanced	protein_drop_run_only_robust_noridge_msqrob2	protein	drop	run_only	TRUE	FALSE	msqrob2
1 - 0.125	4269	40	4229	29	56	40	16	0.285714285714286	1	1.86277	0.65417	-0.00877003	3	-1.13723	0.05	ms3	balanced	protein_drop_run_only_robust_noridge_msqrob2	protein	drop	run_only	TRUE	FALSE	msqrob2
1 - 0.5	4269	40	4229	29	47	37	10	0.212765957446809	0.925	0.7374825	0.221909	-0.00459281	1	-0.2625175	0.05	ms3	balanced	protein_drop_run_only_robust_noridge_msqrob2	protein	drop	run_only	TRUE	FALSE	msqrob2
1 - 0.667	4269	40	4229	29	38	35	3	0.0789473684210526	0.875	0.436294	0.11115425	-0.00197761	0.586405917590825	-0.150111917590825	0.05	ms3	balanced	protein_drop_run_only_robust_noridge_msqrob2	protein	drop	run_only	TRUE	FALSE	msqrob2
0.5 - 0.125	4269	40	4229	29	52	39	13	0.25	0.975	1.13517	0.45463425	-0.00427758	2	-0.86483	0.1	ms3	balanced	protein_drop_run_only_robust_noridge_msqrob2	protein	drop	run_only	TRUE	FALSE	msqrob2
0.667 - 0.125	4269	40	4229	29	56	40	16	0.285714285714286	1	1.41699	0.5696825	-0.00801881	2.41359408240918	-0.996604082409175	0.1	ms3	balanced	protein_drop_run_only_robust_noridge_msqrob2	protein	drop	run_only	TRUE	FALSE	msqrob2
0.667 - 0.5	4269	40	4229	29	36	32	4	0.111111111111111	0.8	0.292623	0.10391475	-0.00360039	0.413594082409175	-0.120971082409175	0.1	ms3	balanced	protein_drop_run_only_robust_noridge_msqrob2	protein	drop	run_only	TRUE	FALSE	msqrob2
1 - 0.125	4269	40	4229	29	71	40	31	0.436619718309859	1	1.86277	0.65417	-0.00877003	3	-1.13723	0.1	ms3	balanced	protein_drop_run_only_robust_noridge_msqrob2	protein	drop	run_only	TRUE	FALSE	msqrob2
1 - 0.5	4269	40	4229	29	52	38	14	0.269230769230769	0.95	0.7374825	0.221909	-0.00459281	1	-0.2625175	0.1	ms3	balanced	protein_drop_run_only_robust_noridge_msqrob2	protein	drop	run_only	TRUE	FALSE	msqrob2
1 - 0.667	4269	40	4229	29	43	35	8	0.186046511627907	0.875	0.436294	0.11115425	-0.00197761	0.586405917590825	-0.150111917590825	0.1	ms3	balanced	protein_drop_run_only_robust_noridge_msqrob2	protein	drop	run_only	TRUE	FALSE	msqrob2
0.5 - 0.125	4235	40	4195	63	39	38	1	0.0256410256410256	0.95	1.128555	0.45771425	0	2	-0.871445	0.01	ms3	balanced	protein_drop_mixed_robust_ridge_msqrob2	protein	drop	mixed	TRUE	TRUE	msqrob2
0.667 - 0.125	4235	40	4195	63	40	39	1	0.025	0.975	1.40953	0.5700375	0	2.41359408240918	-1.00406408240918	0.01	ms3	balanced	protein_drop_mixed_robust_ridge_msqrob2	protein	drop	mixed	TRUE	TRUE	msqrob2
0.667 - 0.5	4235	40	4195	63	27	27	0	0	0.675	0.291785	0.11881975	0	0.413594082409175	-0.121809082409175	0.01	ms3	balanced	protein_drop_mixed_robust_ridge_msqrob2	protein	drop	mixed	TRUE	TRUE	msqrob2
1 - 0.125	4235	40	4195	63	42	39	3	0.0714285714285714	0.975	1.85356	0.6799575	0	3	-1.14644	0.01	ms3	balanced	protein_drop_mixed_robust_ridge_msqrob2	protein	drop	mixed	TRUE	TRUE	msqrob2
1 - 0.5	4235	40	4195	63	38	37	1	0.0263157894736842	0.925	0.7346715	0.22877925	0	1	-0.2653285	0.01	ms3	balanced	protein_drop_mixed_robust_ridge_msqrob2	protein	drop	mixed	TRUE	TRUE	msqrob2
1 - 0.667	4235	40	4195	63	34	34	0	0	0.85	0.4354105	0.11451725	0	0.586405917590825	-0.150995417590825	0.01	ms3	balanced	protein_drop_mixed_robust_ridge_msqrob2	protein	drop	mixed	TRUE	TRUE	msqrob2
0.5 - 0.125	4235	40	4195	63	42	39	3	0.0714285714285714	0.975	1.128555	0.45771425	0	2	-0.871445	0.05	ms3	balanced	protein_drop_mixed_robust_ridge_msqrob2	protein	drop	mixed	TRUE	TRUE	msqrob2
0.667 - 0.125	4235	40	4195	63	44	40	4	0.0909090909090909	1	1.40953	0.5700375	0	2.41359408240918	-1.00406408240918	0.05	ms3	balanced	protein_drop_mixed_robust_ridge_msqrob2	protein	drop	mixed	TRUE	TRUE	msqrob2
0.667 - 0.5	4235	40	4195	63	33	31	2	0.0606060606060606	0.775	0.291785	0.11881975	0	0.413594082409175	-0.121809082409175	0.05	ms3	balanced	protein_drop_mixed_robust_ridge_msqrob2	protein	drop	mixed	TRUE	TRUE	msqrob2
1 - 0.125	4235	40	4195	63	45	40	5	0.111111111111111	1	1.85356	0.6799575	0	3	-1.14644	0.05	ms3	balanced	protein_drop_mixed_robust_ridge_msqrob2	protein	drop	mixed	TRUE	TRUE	msqrob2
1 - 0.5	4235	40	4195	63	39	37	2	0.0512820512820513	0.925	0.7346715	0.22877925	0	1	-0.2653285	0.05	ms3	balanced	protein_drop_mixed_robust_ridge_msqrob2	protein	drop	mixed	TRUE	TRUE	msqrob2
1 - 0.667	4235	40	4195	63	36	35	1	0.0277777777777778	0.875	0.4354105	0.11451725	0	0.586405917590825	-0.150995417590825	0.05	ms3	balanced	protein_drop_mixed_robust_ridge_msqrob2	protein	drop	mixed	TRUE	TRUE	msqrob2
0.5 - 0.125	4235	40	4195	63	42	39	3	0.0714285714285714	0.975	1.128555	0.45771425	0	2	-0.871445	0.1	ms3	balanced	protein_drop_mixed_robust_ridge_msqrob2	protein	drop	mixed	TRUE	TRUE	msqrob2
0.667 - 0.125	4235	40	4195	63	45	40	5	0.111111111111111	1	1.40953	0.5700375	0	2.41359408240918	-1.00406408240918	0.1	ms3	balanced	protein_drop_mixed_robust_ridge_msqrob2	protein	drop	mixed	TRUE	TRUE	msqrob2
0.667 - 0.5	4235	40	4195	63	34	32	2	0.0588235294117647	0.8	0.291785	0.11881975	0	0.413594082409175	-0.121809082409175	0.1	ms3	balanced	protein_drop_mixed_robust_ridge_msqrob2	protein	drop	mixed	TRUE	TRUE	msqrob2
1 - 0.125	4235	40	4195	63	46	40	6	0.130434782608696	1	1.85356	0.6799575	0	3	-1.14644	0.1	ms3	balanced	protein_drop_mixed_robust_ridge_msqrob2	protein	drop	mixed	TRUE	TRUE	msqrob2
1 - 0.5	4235	40	4195	63	39	37	2	0.0512820512820513	0.925	0.7346715	0.22877925	0	1	-0.2653285	0.1	ms3	balanced	protein_drop_mixed_robust_ridge_msqrob2	protein	drop	mixed	TRUE	TRUE	msqrob2
1 - 0.667	4235	40	4195	63	36	35	1	0.0277777777777778	0.875	0.4354105	0.11451725	0	0.586405917590825	-0.150995417590825	0.1	ms3	balanced	protein_drop_mixed_robust_ridge_msqrob2	protein	drop	mixed	TRUE	TRUE	msqrob2
0.5 - 0.125	4296	40	4256	0	34	32	2	0.0588235294117647	0.8	1.14161	0.471443	-0.00449964	2	-0.85839	0.01	ms3	balanced	protein_drop_dupcor_mixture_ls_noridge_limma	protein	drop	dupcor_mixture	FALSE	FALSE	limma
0.667 - 0.125	4296	40	4256	0	35	33	2	0.0571428571428571	0.825	1.422395	0.5330975	-0.00760365	2.41359408240918	-0.991199082409175	0.01	ms3	balanced	protein_drop_dupcor_mixture_ls_noridge_limma	protein	drop	dupcor_mixture	FALSE	FALSE	limma
0.667 - 0.5	4298	40	4258	0	0	0	0	NA	0	0.3048905	0.099527	-0.002601775	0.413594082409175	-0.108703582409175	0.01	ms3	balanced	protein_drop_dupcor_mixture_ls_noridge_limma	protein	drop	dupcor_mixture	FALSE	FALSE	limma
1 - 0.125	4296	40	4256	0	38	37	1	0.0263157894736842	0.925	1.853705	0.644565	-0.00884083	3	-1.146295	0.01	ms3	balanced	protein_drop_dupcor_mixture_ls_noridge_limma	protein	drop	dupcor_mixture	FALSE	FALSE	limma
1 - 0.5	4297	40	4257	0	20	19	1	0.05	0.475	0.7374	0.2128755	-0.00429041	1	-0.2626	0.01	ms3	balanced	protein_drop_dupcor_mixture_ls_noridge_limma	protein	drop	dupcor_mixture	FALSE	FALSE	limma
1 - 0.667	4297	40	4257	0	3	3	0	0	0.075	0.42942	0.110874	-0.00202364	0.586405917590825	-0.156985917590825	0.01	ms3	balanced	protein_drop_dupcor_mixture_ls_noridge_limma	protein	drop	dupcor_mixture	FALSE	FALSE	limma
0.5 - 0.125	4296	40	4256	0	37	33	4	0.108108108108108	0.825	1.14161	0.471443	-0.00449964	2	-0.85839	0.05	ms3	balanced	protein_drop_dupcor_mixture_ls_noridge_limma	protein	drop	dupcor_mixture	FALSE	FALSE	limma
0.667 - 0.125	4296	40	4256	0	37	35	2	0.0540540540540541	0.875	1.422395	0.5330975	-0.00760365	2.41359408240918	-0.991199082409175	0.05	ms3	balanced	protein_drop_dupcor_mixture_ls_noridge_limma	protein	drop	dupcor_mixture	FALSE	FALSE	limma
0.667 - 0.5	4298	40	4258	0	0	0	0	NA	0	0.3048905	0.099527	-0.002601775	0.413594082409175	-0.108703582409175	0.05	ms3	balanced	protein_drop_dupcor_mixture_ls_noridge_limma	protein	drop	dupcor_mixture	FALSE	FALSE	limma
1 - 0.125	4296	40	4256	0	39	37	2	0.0512820512820513	0.925	1.853705	0.644565	-0.00884083	3	-1.146295	0.05	ms3	balanced	protein_drop_dupcor_mixture_ls_noridge_limma	protein	drop	dupcor_mixture	FALSE	FALSE	limma
1 - 0.5	4297	40	4257	0	26	24	2	0.0769230769230769	0.6	0.7374	0.2128755	-0.00429041	1	-0.2626	0.05	ms3	balanced	protein_drop_dupcor_mixture_ls_noridge_limma	protein	drop	dupcor_mixture	FALSE	FALSE	limma
1 - 0.667	4297	40	4257	0	7	7	0	0	0.175	0.42942	0.110874	-0.00202364	0.586405917590825	-0.156985917590825	0.05	ms3	balanced	protein_drop_dupcor_mixture_ls_noridge_limma	protein	drop	dupcor_mixture	FALSE	FALSE	limma
0.5 - 0.125	4296	40	4256	0	38	33	5	0.131578947368421	0.825	1.14161	0.471443	-0.00449964	2	-0.85839	0.1	ms3	balanced	protein_drop_dupcor_mixture_ls_noridge_limma	protein	drop	dupcor_mixture	FALSE	FALSE	limma
0.667 - 0.125	4296	40	4256	0	38	36	2	0.0526315789473684	0.9	1.422395	0.5330975	-0.00760365	2.41359408240918	-0.991199082409175	0.1	ms3	balanced	protein_drop_dupcor_mixture_ls_noridge_limma	protein	drop	dupcor_mixture	FALSE	FALSE	limma
0.667 - 0.5	4298	40	4258	0	1	1	0	0	0.025	0.3048905	0.099527	-0.002601775	0.413594082409175	-0.108703582409175	0.1	ms3	balanced	protein_drop_dupcor_mixture_ls_noridge_limma	protein	drop	dupcor_mixture	FALSE	FALSE	limma
1 - 0.125	4296	40	4256	0	40	37	3	0.075	0.925	1.853705	0.644565	-0.00884083	3	-1.146295	0.1	ms3	balanced	protein_drop_dupcor_mixture_ls_noridge_limma	protein	drop	dupcor_mixture	FALSE	FALSE	limma
1 - 0.5	4297	40	4257	0	29	26	3	0.103448275862069	0.65	0.7374	0.2128755	-0.00429041	1	-0.2626	0.1	ms3	balanced	protein_drop_dupcor_mixture_ls_noridge_limma	protein	drop	dupcor_mixture	FALSE	FALSE	limma
1 - 0.667	4297	40	4257	0	7	7	0	0	0.175	0.42942	0.110874	-0.00202364	0.586405917590825	-0.156985917590825	0.1	ms3	balanced	protein_drop_dupcor_mixture_ls_noridge_limma	protein	drop	dupcor_mixture	FALSE	FALSE	limma
0.5 - 0.125	4296	40	4256	0	33	32	1	0.0303030303030303	0.8	1.14161	0.4683035	-0.00449964	2	-0.85839	0.01	ms3	balanced	protein_keep_dupcor_mixture_ls_noridge_limma	protein	keep	dupcor_mixture	FALSE	FALSE	limma
0.667 - 0.125	4296	40	4256	0	34	33	1	0.0294117647058824	0.825	1.422395	0.5330975	-0.00759141	2.41359408240918	-0.991199082409175	0.01	ms3	balanced	protein_keep_dupcor_mixture_ls_noridge_limma	protein	keep	dupcor_mixture	FALSE	FALSE	limma
0.667 - 0.5	4298	40	4258	0	0	0	0	NA	0	0.3048905	0.099527	-0.0026334	0.413594082409175	-0.108703582409175	0.01	ms3	balanced	protein_keep_dupcor_mixture_ls_noridge_limma	protein	keep	dupcor_mixture	FALSE	FALSE	limma
1 - 0.125	4296	40	4256	0	38	37	1	0.0263157894736842	0.925	1.853705	0.6354225	-0.008815225	3	-1.146295	0.01	ms3	balanced	protein_keep_dupcor_mixture_ls_noridge_limma	protein	keep	dupcor_mixture	FALSE	FALSE	limma
1 - 0.5	4297	40	4257	0	19	19	0	0	0.475	0.7374	0.21275225	-0.00429041	1	-0.2626	0.01	ms3	balanced	protein_keep_dupcor_mixture_ls_noridge_limma	protein	keep	dupcor_mixture	FALSE	FALSE	limma
1 - 0.667	4297	40	4257	0	4	4	0	0	0.1	0.42942	0.110874	-0.00201053	0.586405917590825	-0.156985917590825	0.01	ms3	balanced	protein_keep_dupcor_mixture_ls_noridge_limma	protein	keep	dupcor_mixture	FALSE	FALSE	limma
0.5 - 0.125	4296	40	4256	0	35	33	2	0.0571428571428571	0.825	1.14161	0.4683035	-0.00449964	2	-0.85839	0.05	ms3	balanced	protein_keep_dupcor_mixture_ls_noridge_limma	protein	keep	dupcor_mixture	FALSE	FALSE	limma
0.667 - 0.125	4296	40	4256	0	36	35	1	0.0277777777777778	0.875	1.422395	0.5330975	-0.00759141	2.41359408240918	-0.991199082409175	0.05	ms3	balanced	protein_keep_dupcor_mixture_ls_noridge_limma	protein	keep	dupcor_mixture	FALSE	FALSE	limma
0.667 - 0.5	4298	40	4258	0	1	1	0	0	0.025	0.3048905	0.099527	-0.0026334	0.413594082409175	-0.108703582409175	0.05	ms3	balanced	protein_keep_dupcor_mixture_ls_noridge_limma	protein	keep	dupcor_mixture	FALSE	FALSE	limma
1 - 0.125	4296	40	4256	0	40	37	3	0.075	0.925	1.853705	0.6354225	-0.008815225	3	-1.146295	0.05	ms3	balanced	protein_keep_dupcor_mixture_ls_noridge_limma	protein	keep	dupcor_mixture	FALSE	FALSE	limma
1 - 0.5	4297	40	4257	0	28	25	3	0.107142857142857	0.625	0.7374	0.21275225	-0.00429041	1	-0.2626	0.05	ms3	balanced	protein_keep_dupcor_mixture_ls_noridge_limma	protein	keep	dupcor_mixture	FALSE	FALSE	limma
1 - 0.667	4297	40	4257	0	8	8	0	0	0.2	0.42942	0.110874	-0.00201053	0.586405917590825	-0.156985917590825	0.05	ms3	balanced	protein_keep_dupcor_mixture_ls_noridge_limma	protein	keep	dupcor_mixture	FALSE	FALSE	limma
0.5 - 0.125	4296	40	4256	0	38	33	5	0.131578947368421	0.825	1.14161	0.4683035	-0.00449964	2	-0.85839	0.1	ms3	balanced	protein_keep_dupcor_mixture_ls_noridge_limma	protein	keep	dupcor_mixture	FALSE	FALSE	limma
0.667 - 0.125	4296	40	4256	0	39	36	3	0.0769230769230769	0.9	1.422395	0.5330975	-0.00759141	2.41359408240918	-0.991199082409175	0.1	ms3	balanced	protein_keep_dupcor_mixture_ls_noridge_limma	protein	keep	dupcor_mixture	FALSE	FALSE	limma
0.667 - 0.5	4298	40	4258	0	2	2	0	0	0.05	0.3048905	0.099527	-0.0026334	0.413594082409175	-0.108703582409175	0.1	ms3	balanced	protein_keep_dupcor_mixture_ls_noridge_limma	protein	keep	dupcor_mixture	FALSE	FALSE	limma
1 - 0.125	4296	40	4256	0	40	37	3	0.075	0.925	1.853705	0.6354225	-0.008815225	3	-1.146295	0.1	ms3	balanced	protein_keep_dupcor_mixture_ls_noridge_limma	protein	keep	dupcor_mixture	FALSE	FALSE	limma
1 - 0.5	4297	40	4257	0	31	26	5	0.161290322580645	0.65	0.7374	0.21275225	-0.00429041	1	-0.2626	0.1	ms3	balanced	protein_keep_dupcor_mixture_ls_noridge_limma	protein	keep	dupcor_mixture	FALSE	FALSE	limma
1 - 0.667	4297	40	4257	0	8	8	0	0	0.2	0.42942	0.110874	-0.00201053	0.586405917590825	-0.156985917590825	0.1	ms3	balanced	protein_keep_dupcor_mixture_ls_noridge_limma	protein	keep	dupcor_mixture	FALSE	FALSE	limma
0.5 - 0.125	4295	40	4255	0	38	37	1	0.0263157894736842	0.925	1.14161	0.452981	-0.00453014	2	-0.85839	0.01	ms3	balanced	protein_ratio_dupcor_mixture_ls_noridge_limma	protein	ratio	dupcor_mixture	FALSE	FALSE	limma
0.667 - 0.125	4295	40	4255	0	40	39	1	0.025	0.975	1.422395	0.5330975	-0.00796572	2.41359408240918	-0.991199082409175	0.01	ms3	balanced	protein_ratio_dupcor_mixture_ls_noridge_limma	protein	ratio	dupcor_mixture	FALSE	FALSE	limma
0.667 - 0.5	4298	40	4258	0	17	17	0	0	0.425	0.3048905	0.099527	-0.002934	0.413594082409175	-0.108703582409175	0.01	ms3	balanced	protein_ratio_dupcor_mixture_ls_noridge_limma	protein	ratio	dupcor_mixture	FALSE	FALSE	limma
1 - 0.125	4295	40	4255	0	41	39	2	0.0487804878048781	0.975	1.853705	0.6194625	-0.00899123	3	-1.146295	0.01	ms3	balanced	protein_ratio_dupcor_mixture_ls_noridge_limma	protein	ratio	dupcor_mixture	FALSE	FALSE	limma
1 - 0.5	4297	40	4257	0	38	37	1	0.0263157894736842	0.925	0.7374	0.2085865	-0.00445789	1	-0.2626	0.01	ms3	balanced	protein_ratio_dupcor_mixture_ls_noridge_limma	protein	ratio	dupcor_mixture	FALSE	FALSE	limma
1 - 0.667	4297	40	4257	0	30	30	0	0	0.75	0.4307525	0.110874	-0.00202443	0.586405917590825	-0.155653417590825	0.01	ms3	balanced	protein_ratio_dupcor_mixture_ls_noridge_limma	protein	ratio	dupcor_mixture	FALSE	FALSE	limma
0.5 - 0.125	4295	40	4255	0	42	38	4	0.0952380952380952	0.95	1.14161	0.452981	-0.00453014	2	-0.85839	0.05	ms3	balanced	protein_ratio_dupcor_mixture_ls_noridge_limma	protein	ratio	dupcor_mixture	FALSE	FALSE	limma
0.667 - 0.125	4295	40	4255	0	42	40	2	0.0476190476190476	1	1.422395	0.5330975	-0.00796572	2.41359408240918	-0.991199082409175	0.05	ms3	balanced	protein_ratio_dupcor_mixture_ls_noridge_limma	protein	ratio	dupcor_mixture	FALSE	FALSE	limma
0.667 - 0.5	4298	40	4258	0	25	25	0	0	0.625	0.3048905	0.099527	-0.002934	0.413594082409175	-0.108703582409175	0.05	ms3	balanced	protein_ratio_dupcor_mixture_ls_noridge_limma	protein	ratio	dupcor_mixture	FALSE	FALSE	limma
1 - 0.125	4295	40	4255	0	44	40	4	0.0909090909090909	1	1.853705	0.6194625	-0.00899123	3	-1.146295	0.05	ms3	balanced	protein_ratio_dupcor_mixture_ls_noridge_limma	protein	ratio	dupcor_mixture	FALSE	FALSE	limma
1 - 0.5	4297	40	4257	0	40	37	3	0.075	0.925	0.7374	0.2085865	-0.00445789	1	-0.2626	0.05	ms3	balanced	protein_ratio_dupcor_mixture_ls_noridge_limma	protein	ratio	dupcor_mixture	FALSE	FALSE	limma
1 - 0.667	4297	40	4257	0	32	32	0	0	0.8	0.4307525	0.110874	-0.00202443	0.586405917590825	-0.155653417590825	0.05	ms3	balanced	protein_ratio_dupcor_mixture_ls_noridge_limma	protein	ratio	dupcor_mixture	FALSE	FALSE	limma
0.5 - 0.125	4295	40	4255	0	43	39	4	0.0930232558139535	0.975	1.14161	0.452981	-0.00453014	2	-0.85839	0.1	ms3	balanced	protein_ratio_dupcor_mixture_ls_noridge_limma	protein	ratio	dupcor_mixture	FALSE	FALSE	limma
0.667 - 0.125	4295	40	4255	0	42	40	2	0.0476190476190476	1	1.422395	0.5330975	-0.00796572	2.41359408240918	-0.991199082409175	0.1	ms3	balanced	protein_ratio_dupcor_mixture_ls_noridge_limma	protein	ratio	dupcor_mixture	FALSE	FALSE	limma
0.667 - 0.5	4298	40	4258	0	26	26	0	0	0.65	0.3048905	0.099527	-0.002934	0.413594082409175	-0.108703582409175	0.1	ms3	balanced	protein_ratio_dupcor_mixture_ls_noridge_limma	protein	ratio	dupcor_mixture	FALSE	FALSE	limma
1 - 0.125	4295	40	4255	0	47	40	7	0.148936170212766	1	1.853705	0.6194625	-0.00899123	3	-1.146295	0.1	ms3	balanced	protein_ratio_dupcor_mixture_ls_noridge_limma	protein	ratio	dupcor_mixture	FALSE	FALSE	limma
1 - 0.5	4297	40	4257	0	41	37	4	0.0975609756097561	0.925	0.7374	0.2085865	-0.00445789	1	-0.2626	0.1	ms3	balanced	protein_ratio_dupcor_mixture_ls_noridge_limma	protein	ratio	dupcor_mixture	FALSE	FALSE	limma
1 - 0.667	4297	40	4257	0	35	35	0	0	0.875	0.4307525	0.110874	-0.00202443	0.586405917590825	-0.155653417590825	0.1	ms3	balanced	protein_ratio_dupcor_mixture_ls_noridge_limma	protein	ratio	dupcor_mixture	FALSE	FALSE	limma
0.5 - 0.125	4235	40	4195	63	43	39	4	0.0930232558139535	0.975	1.12698	0.4932125	-0.00443896	2	-0.87302	0.01	ms3	balanced	psm_drop_mixed_robust_noridge_msqrob2	psm	drop	mixed	TRUE	FALSE	msqrob2
0.667 - 0.125	4235	40	4195	63	44	40	4	0.0909090909090909	1	1.431625	0.5888125	-0.00794134	2.41359408240918	-0.981969082409175	0.01	ms3	balanced	psm_drop_mixed_robust_noridge_msqrob2	psm	drop	mixed	TRUE	FALSE	msqrob2
0.667 - 0.5	4235	40	4195	63	28	28	0	0	0.7	0.2958045	0.092861	-0.00359431	0.413594082409175	-0.117789582409175	0.01	ms3	balanced	psm_drop_mixed_robust_noridge_msqrob2	psm	drop	mixed	TRUE	FALSE	msqrob2
1 - 0.125	4235	40	4195	63	50	40	10	0.2	1	1.855345	0.6494675	-0.00914334	3	-1.144655	0.01	ms3	balanced	psm_drop_mixed_robust_noridge_msqrob2	psm	drop	mixed	TRUE	FALSE	msqrob2
1 - 0.5	4235	40	4195	63	40	37	3	0.075	0.925	0.730102	0.20388575	-0.00475695	1	-0.269898	0.01	ms3	balanced	psm_drop_mixed_robust_noridge_msqrob2	psm	drop	mixed	TRUE	FALSE	msqrob2
1 - 0.667	4235	40	4195	63	34	34	0	0	0.85	0.4351005	0.1211795	-0.00169441	0.586405917590825	-0.151305417590825	0.01	ms3	balanced	psm_drop_mixed_robust_noridge_msqrob2	psm	drop	mixed	TRUE	FALSE	msqrob2
0.5 - 0.125	4235	40	4195	63	45	39	6	0.133333333333333	0.975	1.12698	0.4932125	-0.00443896	2	-0.87302	0.05	ms3	balanced	psm_drop_mixed_robust_noridge_msqrob2	psm	drop	mixed	TRUE	FALSE	msqrob2
0.667 - 0.125	4235	40	4195	63	46	40	6	0.130434782608696	1	1.431625	0.5888125	-0.00794134	2.41359408240918	-0.981969082409175	0.05	ms3	balanced	psm_drop_mixed_robust_noridge_msqrob2	psm	drop	mixed	TRUE	FALSE	msqrob2
0.667 - 0.5	4235	40	4195	63	36	31	5	0.138888888888889	0.775	0.2958045	0.092861	-0.00359431	0.413594082409175	-0.117789582409175	0.05	ms3	balanced	psm_drop_mixed_robust_noridge_msqrob2	psm	drop	mixed	TRUE	FALSE	msqrob2
1 - 0.125	4235	40	4195	63	57	40	17	0.298245614035088	1	1.855345	0.6494675	-0.00914334	3	-1.144655	0.05	ms3	balanced	psm_drop_mixed_robust_noridge_msqrob2	psm	drop	mixed	TRUE	FALSE	msqrob2
1 - 0.5	4235	40	4195	63	44	38	6	0.136363636363636	0.95	0.730102	0.20388575	-0.00475695	1	-0.269898	0.05	ms3	balanced	psm_drop_mixed_robust_noridge_msqrob2	psm	drop	mixed	TRUE	FALSE	msqrob2
1 - 0.667	4235	40	4195	63	40	35	5	0.125	0.875	0.4351005	0.1211795	-0.00169441	0.586405917590825	-0.151305417590825	0.05	ms3	balanced	psm_drop_mixed_robust_noridge_msqrob2	psm	drop	mixed	TRUE	FALSE	msqrob2
0.5 - 0.125	4235	40	4195	63	49	39	10	0.204081632653061	0.975	1.12698	0.4932125	-0.00443896	2	-0.87302	0.1	ms3	balanced	psm_drop_mixed_robust_noridge_msqrob2	psm	drop	mixed	TRUE	FALSE	msqrob2
0.667 - 0.125	4235	40	4195	63	56	40	16	0.285714285714286	1	1.431625	0.5888125	-0.00794134	2.41359408240918	-0.981969082409175	0.1	ms3	balanced	psm_drop_mixed_robust_noridge_msqrob2	psm	drop	mixed	TRUE	FALSE	msqrob2
0.667 - 0.5	4235	40	4195	63	43	33	10	0.232558139534884	0.825	0.2958045	0.092861	-0.00359431	0.413594082409175	-0.117789582409175	0.1	ms3	balanced	psm_drop_mixed_robust_noridge_msqrob2	psm	drop	mixed	TRUE	FALSE	msqrob2
1 - 0.125	4235	40	4195	63	80	40	40	0.5	1	1.855345	0.6494675	-0.00914334	3	-1.144655	0.1	ms3	balanced	psm_drop_mixed_robust_noridge_msqrob2	psm	drop	mixed	TRUE	FALSE	msqrob2
1 - 0.5	4235	40	4195	63	54	38	16	0.296296296296296	0.95	0.730102	0.20388575	-0.00475695	1	-0.269898	0.1	ms3	balanced	psm_drop_mixed_robust_noridge_msqrob2	psm	drop	mixed	TRUE	FALSE	msqrob2
1 - 0.667	4235	40	4195	63	46	36	10	0.217391304347826	0.9	0.4351005	0.1211795	-0.00169441	0.586405917590825	-0.151305417590825	0.1	ms3	balanced	psm_drop_mixed_robust_noridge_msqrob2	psm	drop	mixed	TRUE	FALSE	msqrob2
0.5 - 0.125	4235	40	4195	63	40	39	1	0.025	0.975	1.128795	0.48348	-0.00485746	2	-0.871205	0.01	ms3	balanced	psm_keep_mixed_robust_noridge_msqrob2	psm	keep	mixed	TRUE	FALSE	msqrob2
0.667 - 0.125	4235	40	4195	63	43	40	3	0.0697674418604651	1	1.43221	0.5948075	-0.00809253	2.41359408240918	-0.981384082409175	0.01	ms3	balanced	psm_keep_mixed_robust_noridge_msqrob2	psm	keep	mixed	TRUE	FALSE	msqrob2
0.667 - 0.5	4235	40	4195	63	28	28	0	0	0.7	0.297792	0.0912495	-0.00380787	0.413594082409175	-0.115802082409175	0.01	ms3	balanced	psm_keep_mixed_robust_noridge_msqrob2	psm	keep	mixed	TRUE	FALSE	msqrob2
1 - 0.125	4235	40	4195	63	51	40	11	0.215686274509804	1	1.85692	0.6470875	-0.00901569	3	-1.14308	0.01	ms3	balanced	psm_keep_mixed_robust_noridge_msqrob2	psm	keep	mixed	TRUE	FALSE	msqrob2
1 - 0.5	4235	40	4195	63	38	37	1	0.0263157894736842	0.925	0.7312855	0.1966365	-0.00471997	1	-0.2687145	0.01	ms3	balanced	psm_keep_mixed_robust_noridge_msqrob2	psm	keep	mixed	TRUE	FALSE	msqrob2
1 - 0.667	4235	40	4195	63	34	34	0	0	0.85	0.42881	0.12896475	-0.00190244	0.586405917590825	-0.157595917590825	0.01	ms3	balanced	psm_keep_mixed_robust_noridge_msqrob2	psm	keep	mixed	TRUE	FALSE	msqrob2
0.5 - 0.125	4235	40	4195	63	43	39	4	0.0930232558139535	0.975	1.128795	0.48348	-0.00485746	2	-0.871205	0.05	ms3	balanced	psm_keep_mixed_robust_noridge_msqrob2	psm	keep	mixed	TRUE	FALSE	msqrob2
0.667 - 0.125	4235	40	4195	63	48	40	8	0.166666666666667	1	1.43221	0.5948075	-0.00809253	2.41359408240918	-0.981384082409175	0.05	ms3	balanced	psm_keep_mixed_robust_noridge_msqrob2	psm	keep	mixed	TRUE	FALSE	msqrob2
0.667 - 0.5	4235	40	4195	63	37	33	4	0.108108108108108	0.825	0.297792	0.0912495	-0.00380787	0.413594082409175	-0.115802082409175	0.05	ms3	balanced	psm_keep_mixed_robust_noridge_msqrob2	psm	keep	mixed	TRUE	FALSE	msqrob2
1 - 0.125	4235	40	4195	63	60	40	20	0.333333333333333	1	1.85692	0.6470875	-0.00901569	3	-1.14308	0.05	ms3	balanced	psm_keep_mixed_robust_noridge_msqrob2	psm	keep	mixed	TRUE	FALSE	msqrob2
1 - 0.5	4235	40	4195	63	46	38	8	0.173913043478261	0.95	0.7312855	0.1966365	-0.00471997	1	-0.2687145	0.05	ms3	balanced	psm_keep_mixed_robust_noridge_msqrob2	psm	keep	mixed	TRUE	FALSE	msqrob2
1 - 0.667	4235	40	4195	63	39	36	3	0.0769230769230769	0.9	0.42881	0.12896475	-0.00190244	0.586405917590825	-0.157595917590825	0.05	ms3	balanced	psm_keep_mixed_robust_noridge_msqrob2	psm	keep	mixed	TRUE	FALSE	msqrob2
0.5 - 0.125	4235	40	4195	63	48	39	9	0.1875	0.975	1.128795	0.48348	-0.00485746	2	-0.871205	0.1	ms3	balanced	psm_keep_mixed_robust_noridge_msqrob2	psm	keep	mixed	TRUE	FALSE	msqrob2
0.667 - 0.125	4235	40	4195	63	55	40	15	0.272727272727273	1	1.43221	0.5948075	-0.00809253	2.41359408240918	-0.981384082409175	0.1	ms3	balanced	psm_keep_mixed_robust_noridge_msqrob2	psm	keep	mixed	TRUE	FALSE	msqrob2
0.667 - 0.5	4235	40	4195	63	44	33	11	0.25	0.825	0.297792	0.0912495	-0.00380787	0.413594082409175	-0.115802082409175	0.1	ms3	balanced	psm_keep_mixed_robust_noridge_msqrob2	psm	keep	mixed	TRUE	FALSE	msqrob2
1 - 0.125	4235	40	4195	63	74	40	34	0.45945945945946	1	1.85692	0.6470875	-0.00901569	3	-1.14308	0.1	ms3	balanced	psm_keep_mixed_robust_noridge_msqrob2	psm	keep	mixed	TRUE	FALSE	msqrob2
1 - 0.5	4235	40	4195	63	57	38	19	0.333333333333333	0.95	0.7312855	0.1966365	-0.00471997	1	-0.2687145	0.1	ms3	balanced	psm_keep_mixed_robust_noridge_msqrob2	psm	keep	mixed	TRUE	FALSE	msqrob2
1 - 0.667	4235	40	4195	63	45	37	8	0.177777777777778	0.925	0.42881	0.12896475	-0.00190244	0.586405917590825	-0.157595917590825	0.1	ms3	balanced	psm_keep_mixed_robust_noridge_msqrob2	psm	keep	mixed	TRUE	FALSE	msqrob2
0.5 - 0.125	4235	40	4195	63	39	38	1	0.0256410256410256	0.95	1.12085	0.43246825	-0.00525295	2	-0.87915	0.01	ms3	balanced	psm_drop_mixed_ls_noridge_msqrob2	psm	drop	mixed	FALSE	FALSE	msqrob2
0.667 - 0.125	4235	40	4195	63	40	39	1	0.025	0.975	1.44084	0.5454375	-0.00766688	2.41359408240918	-0.972754082409175	0.01	ms3	balanced	psm_drop_mixed_ls_noridge_msqrob2	psm	drop	mixed	FALSE	FALSE	msqrob2
0.667 - 0.5	4235	40	4195	63	20	20	0	0	0.5	0.296725	0.0890945000000001	-0.00284693	0.413594082409175	-0.116869082409175	0.01	ms3	balanced	psm_drop_mixed_ls_noridge_msqrob2	psm	drop	mixed	FALSE	FALSE	msqrob2
1 - 0.125	4235	40	4195	63	44	39	5	0.113636363636364	0.975	1.83427	0.615485	-0.0099453	3	-1.16573	0.01	ms3	balanced	psm_drop_mixed_ls_noridge_msqrob2	psm	drop	mixed	FALSE	FALSE	msqrob2
1 - 0.5	4235	40	4195	63	36	36	0	0	0.9	0.7261705	0.19930325	-0.00440046	1	-0.2738295	0.01	ms3	balanced	psm_drop_mixed_ls_noridge_msqrob2	psm	drop	mixed	FALSE	FALSE	msqrob2
1 - 0.667	4235	40	4195	63	30	30	0	0	0.75	0.4193315	0.10680125	-0.0020597	0.586405917590825	-0.167074417590825	0.01	ms3	balanced	psm_drop_mixed_ls_noridge_msqrob2	psm	drop	mixed	FALSE	FALSE	msqrob2
0.5 - 0.125	4235	40	4195	63	44	39	5	0.113636363636364	0.975	1.12085	0.43246825	-0.00525295	2	-0.87915	0.05	ms3	balanced	psm_drop_mixed_ls_noridge_msqrob2	psm	drop	mixed	FALSE	FALSE	msqrob2
0.667 - 0.125	4235	40	4195	63	47	40	7	0.148936170212766	1	1.44084	0.5454375	-0.00766688	2.41359408240918	-0.972754082409175	0.05	ms3	balanced	psm_drop_mixed_ls_noridge_msqrob2	psm	drop	mixed	FALSE	FALSE	msqrob2
0.667 - 0.5	4235	40	4195	63	24	23	1	0.0416666666666667	0.575	0.296725	0.0890945000000001	-0.00284693	0.413594082409175	-0.116869082409175	0.05	ms3	balanced	psm_drop_mixed_ls_noridge_msqrob2	psm	drop	mixed	FALSE	FALSE	msqrob2
1 - 0.125	4235	40	4195	63	50	39	11	0.22	0.975	1.83427	0.615485	-0.0099453	3	-1.16573	0.05	ms3	balanced	psm_drop_mixed_ls_noridge_msqrob2	psm	drop	mixed	FALSE	FALSE	msqrob2
1 - 0.5	4235	40	4195	63	39	37	2	0.0512820512820513	0.925	0.7261705	0.19930325	-0.00440046	1	-0.2738295	0.05	ms3	balanced	psm_drop_mixed_ls_noridge_msqrob2	psm	drop	mixed	FALSE	FALSE	msqrob2
1 - 0.667	4235	40	4195	63	33	33	0	0	0.825	0.4193315	0.10680125	-0.0020597	0.586405917590825	-0.167074417590825	0.05	ms3	balanced	psm_drop_mixed_ls_noridge_msqrob2	psm	drop	mixed	FALSE	FALSE	msqrob2
0.5 - 0.125	4235	40	4195	63	45	39	6	0.133333333333333	0.975	1.12085	0.43246825	-0.00525295	2	-0.87915	0.1	ms3	balanced	psm_drop_mixed_ls_noridge_msqrob2	psm	drop	mixed	FALSE	FALSE	msqrob2
0.667 - 0.125	4235	40	4195	63	48	40	8	0.166666666666667	1	1.44084	0.5454375	-0.00766688	2.41359408240918	-0.972754082409175	0.1	ms3	balanced	psm_drop_mixed_ls_noridge_msqrob2	psm	drop	mixed	FALSE	FALSE	msqrob2
0.667 - 0.5	4235	40	4195	63	31	28	3	0.0967741935483871	0.7	0.296725	0.0890945000000001	-0.00284693	0.413594082409175	-0.116869082409175	0.1	ms3	balanced	psm_drop_mixed_ls_noridge_msqrob2	psm	drop	mixed	FALSE	FALSE	msqrob2
1 - 0.125	4235	40	4195	63	56	40	16	0.285714285714286	1	1.83427	0.615485	-0.0099453	3	-1.16573	0.1	ms3	balanced	psm_drop_mixed_ls_noridge_msqrob2	psm	drop	mixed	FALSE	FALSE	msqrob2
1 - 0.5	4235	40	4195	63	44	37	7	0.159090909090909	0.925	0.7261705	0.19930325	-0.00440046	1	-0.2738295	0.1	ms3	balanced	psm_drop_mixed_ls_noridge_msqrob2	psm	drop	mixed	FALSE	FALSE	msqrob2
1 - 0.667	4235	40	4195	63	37	35	2	0.0540540540540541	0.875	0.4193315	0.10680125	-0.0020597	0.586405917590825	-0.167074417590825	0.1	ms3	balanced	psm_drop_mixed_ls_noridge_msqrob2	psm	drop	mixed	FALSE	FALSE	msqrob2
0.5 - 0.125	4235	40	4195	63	40	38	2	0.05	0.95	1.12427	0.49436825	0	2	-0.87573	0.01	ms3	balanced	psm_drop_mixed_robust_ridge_msqrob2	psm	drop	mixed	TRUE	TRUE	msqrob2
0.667 - 0.125	4235	40	4195	63	42	40	2	0.0476190476190476	1	1.425425	0.6025875	0	2.41359408240918	-0.988169082409175	0.01	ms3	balanced	psm_drop_mixed_robust_ridge_msqrob2	psm	drop	mixed	TRUE	TRUE	msqrob2
0.667 - 0.5	4235	40	4195	63	28	28	0	0	0.7	0.295194	0.097082	0	0.413594082409175	-0.118400082409175	0.01	ms3	balanced	psm_drop_mixed_robust_ridge_msqrob2	psm	drop	mixed	TRUE	TRUE	msqrob2
1 - 0.125	4235	40	4195	63	47	40	7	0.148936170212766	1	1.849305	0.6759125	0	3	-1.150695	0.01	ms3	balanced	psm_drop_mixed_robust_ridge_msqrob2	psm	drop	mixed	TRUE	TRUE	msqrob2
1 - 0.5	4235	40	4195	63	39	37	2	0.0512820512820513	0.925	0.727305	0.218065	0	1	-0.272695	0.01	ms3	balanced	psm_drop_mixed_robust_ridge_msqrob2	psm	drop	mixed	TRUE	TRUE	msqrob2
1 - 0.667	4235	40	4195	63	34	34	0	0	0.85	0.4333435	0.1243115	0	0.586405917590825	-0.153062417590825	0.01	ms3	balanced	psm_drop_mixed_robust_ridge_msqrob2	psm	drop	mixed	TRUE	TRUE	msqrob2
0.5 - 0.125	4235	40	4195	63	42	39	3	0.0714285714285714	0.975	1.12427	0.49436825	0	2	-0.87573	0.05	ms3	balanced	psm_drop_mixed_robust_ridge_msqrob2	psm	drop	mixed	TRUE	TRUE	msqrob2
0.667 - 0.125	4235	40	4195	63	44	40	4	0.0909090909090909	1	1.425425	0.6025875	0	2.41359408240918	-0.988169082409175	0.05	ms3	balanced	psm_drop_mixed_robust_ridge_msqrob2	psm	drop	mixed	TRUE	TRUE	msqrob2
0.667 - 0.5	4235	40	4195	63	31	31	0	0	0.775	0.295194	0.097082	0	0.413594082409175	-0.118400082409175	0.05	ms3	balanced	psm_drop_mixed_robust_ridge_msqrob2	psm	drop	mixed	TRUE	TRUE	msqrob2
1 - 0.125	4235	40	4195	63	49	40	9	0.183673469387755	1	1.849305	0.6759125	0	3	-1.150695	0.05	ms3	balanced	psm_drop_mixed_robust_ridge_msqrob2	psm	drop	mixed	TRUE	TRUE	msqrob2
1 - 0.5	4235	40	4195	63	39	37	2	0.0512820512820513	0.925	0.727305	0.218065	0	1	-0.272695	0.05	ms3	balanced	psm_drop_mixed_robust_ridge_msqrob2	psm	drop	mixed	TRUE	TRUE	msqrob2
1 - 0.667	4235	40	4195	63	35	35	0	0	0.875	0.4333435	0.1243115	0	0.586405917590825	-0.153062417590825	0.05	ms3	balanced	psm_drop_mixed_robust_ridge_msqrob2	psm	drop	mixed	TRUE	TRUE	msqrob2
0.5 - 0.125	4235	40	4195	63	45	39	6	0.133333333333333	0.975	1.12427	0.49436825	0	2	-0.87573	0.1	ms3	balanced	psm_drop_mixed_robust_ridge_msqrob2	psm	drop	mixed	TRUE	TRUE	msqrob2
0.667 - 0.125	4235	40	4195	63	44	40	4	0.0909090909090909	1	1.425425	0.6025875	0	2.41359408240918	-0.988169082409175	0.1	ms3	balanced	psm_drop_mixed_robust_ridge_msqrob2	psm	drop	mixed	TRUE	TRUE	msqrob2
0.667 - 0.5	4235	40	4195	63	33	31	2	0.0606060606060606	0.775	0.295194	0.097082	0	0.413594082409175	-0.118400082409175	0.1	ms3	balanced	psm_drop_mixed_robust_ridge_msqrob2	psm	drop	mixed	TRUE	TRUE	msqrob2
1 - 0.125	4235	40	4195	63	50	40	10	0.2	1	1.849305	0.6759125	0	3	-1.150695	0.1	ms3	balanced	psm_drop_mixed_robust_ridge_msqrob2	psm	drop	mixed	TRUE	TRUE	msqrob2
1 - 0.5	4235	40	4195	63	42	38	4	0.0952380952380952	0.95	0.727305	0.218065	0	1	-0.272695	0.1	ms3	balanced	psm_drop_mixed_robust_ridge_msqrob2	psm	drop	mixed	TRUE	TRUE	msqrob2
1 - 0.667	4235	40	4195	63	35	35	0	0	0.875	0.4333435	0.1243115	0	0.586405917590825	-0.153062417590825	0.1	ms3	balanced	psm_drop_mixed_robust_ridge_msqrob2	psm	drop	mixed	TRUE	TRUE	msqrob2
0.5 - 0.125	4191	40	4151	64	36	35	1	0.0277777777777778	0.875	1.125245	0.43287925	-0.00339311	2	-0.874755	0.01	ms3	unbalanced	protein_drop_mixed_robust_noridge_msqrob2	protein	drop	mixed	TRUE	FALSE	msqrob2
0.667 - 0.125	4162	40	4122	64	41	36	5	0.121951219512195	0.9	1.441325	0.407685	-0.008995075	2.41359408240918	-0.972269082409175	0.01	ms3	unbalanced	protein_drop_mixed_robust_noridge_msqrob2	protein	drop	mixed	TRUE	FALSE	msqrob2
0.667 - 0.5	4161	40	4121	64	15	12	3	0.2	0.3	0.3342195	0.15791775	-0.00580324	0.413594082409175	-0.0793745824091752	0.01	ms3	unbalanced	protein_drop_mixed_robust_noridge_msqrob2	protein	drop	mixed	TRUE	FALSE	msqrob2
1 - 0.125	4162	40	4122	64	44	37	7	0.159090909090909	0.925	1.882405	0.5115	-0.007941825	3	-1.117595	0.01	ms3	unbalanced	protein_drop_mixed_robust_noridge_msqrob2	protein	drop	mixed	TRUE	FALSE	msqrob2
1 - 0.5	4161	40	4121	64	41	34	7	0.170731707317073	0.85	0.7852035	0.2416515	-0.00639596	1	-0.2147965	0.01	ms3	unbalanced	protein_drop_mixed_robust_noridge_msqrob2	protein	drop	mixed	TRUE	FALSE	msqrob2
1 - 0.667	4201	40	4161	64	32	31	1	0.03125	0.775	0.4325745	0.11730875	-0.00109377	0.586405917590825	-0.153831417590825	0.01	ms3	unbalanced	protein_drop_mixed_robust_noridge_msqrob2	protein	drop	mixed	TRUE	FALSE	msqrob2
0.5 - 0.125	4191	40	4151	64	39	36	3	0.0769230769230769	0.9	1.125245	0.43287925	-0.00339311	2	-0.874755	0.05	ms3	unbalanced	protein_drop_mixed_robust_noridge_msqrob2	protein	drop	mixed	TRUE	FALSE	msqrob2
0.667 - 0.125	4162	40	4122	64	50	36	14	0.28	0.9	1.441325	0.407685	-0.008995075	2.41359408240918	-0.972269082409175	0.05	ms3	unbalanced	protein_drop_mixed_robust_noridge_msqrob2	protein	drop	mixed	TRUE	FALSE	msqrob2
0.667 - 0.5	4161	40	4121	64	24	18	6	0.25	0.45	0.3342195	0.15791775	-0.00580324	0.413594082409175	-0.0793745824091752	0.05	ms3	unbalanced	protein_drop_mixed_robust_noridge_msqrob2	protein	drop	mixed	TRUE	FALSE	msqrob2
1 - 0.125	4162	40	4122	64	50	37	13	0.26	0.925	1.882405	0.5115	-0.007941825	3	-1.117595	0.05	ms3	unbalanced	protein_drop_mixed_robust_noridge_msqrob2	protein	drop	mixed	TRUE	FALSE	msqrob2
1 - 0.5	4161	40	4121	64	50	36	14	0.28	0.9	0.7852035	0.2416515	-0.00639596	1	-0.2147965	0.05	ms3	unbalanced	protein_drop_mixed_robust_noridge_msqrob2	protein	drop	mixed	TRUE	FALSE	msqrob2
1 - 0.667	4201	40	4161	64	36	33	3	0.0833333333333333	0.825	0.4325745	0.11730875	-0.00109377	0.586405917590825	-0.153831417590825	0.05	ms3	unbalanced	protein_drop_mixed_robust_noridge_msqrob2	protein	drop	mixed	TRUE	FALSE	msqrob2
0.5 - 0.125	4191	40	4151	64	50	37	13	0.26	0.925	1.125245	0.43287925	-0.00339311	2	-0.874755	0.1	ms3	unbalanced	protein_drop_mixed_robust_noridge_msqrob2	protein	drop	mixed	TRUE	FALSE	msqrob2
0.667 - 0.125	4162	40	4122	64	66	37	29	0.439393939393939	0.925	1.441325	0.407685	-0.008995075	2.41359408240918	-0.972269082409175	0.1	ms3	unbalanced	protein_drop_mixed_robust_noridge_msqrob2	protein	drop	mixed	TRUE	FALSE	msqrob2
0.667 - 0.5	4161	40	4121	64	33	21	12	0.363636363636364	0.525	0.3342195	0.15791775	-0.00580324	0.413594082409175	-0.0793745824091752	0.1	ms3	unbalanced	protein_drop_mixed_robust_noridge_msqrob2	protein	drop	mixed	TRUE	FALSE	msqrob2
1 - 0.125	4162	40	4122	64	63	37	26	0.412698412698413	0.925	1.882405	0.5115	-0.007941825	3	-1.117595	0.1	ms3	unbalanced	protein_drop_mixed_robust_noridge_msqrob2	protein	drop	mixed	TRUE	FALSE	msqrob2
1 - 0.5	4161	40	4121	64	54	37	17	0.314814814814815	0.925	0.7852035	0.2416515	-0.00639596	1	-0.2147965	0.1	ms3	unbalanced	protein_drop_mixed_robust_noridge_msqrob2	protein	drop	mixed	TRUE	FALSE	msqrob2
1 - 0.667	4201	40	4161	64	44	34	10	0.227272727272727	0.85	0.4325745	0.11730875	-0.00109377	0.586405917590825	-0.153831417590825	0.1	ms3	unbalanced	protein_drop_mixed_robust_noridge_msqrob2	protein	drop	mixed	TRUE	FALSE	msqrob2
0.5 - 0.125	4218	40	4178	15	20	20	0	0	0.5	1.129995	0.49588975	-0.003681655	2	-0.870005	0.01	ms3	unbalanced	protein_drop_naive_robust_noridge_msqrob2	protein	drop	naive	TRUE	FALSE	msqrob2
0.667 - 0.125	4170	40	4130	15	48	28	20	0.416666666666667	0.7	1.472265	0.602075	-0.00512744	2.41359408240918	-0.941329082409175	0.01	ms3	unbalanced	protein_drop_naive_robust_noridge_msqrob2	protein	drop	naive	TRUE	FALSE	msqrob2
0.667 - 0.5	4170	40	4130	15	15	1	14	0.933333333333333	0.025	0.346283	0.383699	-0.0010291345	0.413594082409175	-0.0673110824091752	0.01	ms3	unbalanced	protein_drop_naive_robust_noridge_msqrob2	protein	drop	naive	TRUE	FALSE	msqrob2
1 - 0.125	4171	40	4131	15	50	30	20	0.4	0.75	1.920445	0.6397425	0.00305563	3	-1.079555	0.01	ms3	unbalanced	protein_drop_naive_robust_noridge_msqrob2	protein	drop	naive	TRUE	FALSE	msqrob2
1 - 0.5	4170	40	4130	15	18	7	11	0.611111111111111	0.175	0.7769935	0.49066875	-0.00283173	1	-0.2230065	0.01	ms3	unbalanced	protein_drop_naive_robust_noridge_msqrob2	protein	drop	naive	TRUE	FALSE	msqrob2
1 - 0.667	4231	40	4191	15	0	0	0	NA	0	0.436629	0.11021075	-0.000868972	0.586405917590825	-0.149776917590825	0.01	ms3	unbalanced	protein_drop_naive_robust_noridge_msqrob2	protein	drop	naive	TRUE	FALSE	msqrob2
0.5 - 0.125	4218	40	4178	15	24	24	0	0	0.6	1.129995	0.49588975	-0.003681655	2	-0.870005	0.05	ms3	unbalanced	protein_drop_naive_robust_noridge_msqrob2	protein	drop	naive	TRUE	FALSE	msqrob2
0.667 - 0.125	4170	40	4130	15	99	30	69	0.696969696969697	0.75	1.472265	0.602075	-0.00512744	2.41359408240918	-0.941329082409175	0.05	ms3	unbalanced	protein_drop_naive_robust_noridge_msqrob2	protein	drop	naive	TRUE	FALSE	msqrob2
0.667 - 0.5	4170	40	4130	15	51	4	47	0.92156862745098	0.1	0.346283	0.383699	-0.0010291345	0.413594082409175	-0.0673110824091752	0.05	ms3	unbalanced	protein_drop_naive_robust_noridge_msqrob2	protein	drop	naive	TRUE	FALSE	msqrob2
1 - 0.125	4171	40	4131	15	90	35	55	0.611111111111111	0.875	1.920445	0.6397425	0.00305563	3	-1.079555	0.05	ms3	unbalanced	protein_drop_naive_robust_noridge_msqrob2	protein	drop	naive	TRUE	FALSE	msqrob2
1 - 0.5	4170	40	4130	15	63	16	47	0.746031746031746	0.4	0.7769935	0.49066875	-0.00283173	1	-0.2230065	0.05	ms3	unbalanced	protein_drop_naive_robust_noridge_msqrob2	protein	drop	naive	TRUE	FALSE	msqrob2
1 - 0.667	4231	40	4191	15	0	0	0	NA	0	0.436629	0.11021075	-0.000868972	0.586405917590825	-0.149776917590825	0.05	ms3	unbalanced	protein_drop_naive_robust_noridge_msqrob2	protein	drop	naive	TRUE	FALSE	msqrob2
0.5 - 0.125	4218	40	4178	15	24	24	0	0	0.6	1.129995	0.49588975	-0.003681655	2	-0.870005	0.1	ms3	unbalanced	protein_drop_naive_robust_noridge_msqrob2	protein	drop	naive	TRUE	FALSE	msqrob2
0.667 - 0.125	4170	40	4130	15	156	31	125	0.801282051282051	0.775	1.472265	0.602075	-0.00512744	2.41359408240918	-0.941329082409175	0.1	ms3	unbalanced	protein_drop_naive_robust_noridge_msqrob2	protein	drop	naive	TRUE	FALSE	msqrob2
0.667 - 0.5	4170	40	4130	15	96	4	92	0.958333333333333	0.1	0.346283	0.383699	-0.0010291345	0.413594082409175	-0.0673110824091752	0.1	ms3	unbalanced	protein_drop_naive_robust_noridge_msqrob2	protein	drop	naive	TRUE	FALSE	msqrob2
1 - 0.125	4171	40	4131	15	165	36	129	0.781818181818182	0.9	1.920445	0.6397425	0.00305563	3	-1.079555	0.1	ms3	unbalanced	protein_drop_naive_robust_noridge_msqrob2	protein	drop	naive	TRUE	FALSE	msqrob2
1 - 0.5	4170	40	4130	15	136	21	115	0.845588235294118	0.525	0.7769935	0.49066875	-0.00283173	1	-0.2230065	0.1	ms3	unbalanced	protein_drop_naive_robust_noridge_msqrob2	protein	drop	naive	TRUE	FALSE	msqrob2
1 - 0.667	4231	40	4191	15	1	1	0	0	0.025	0.436629	0.11021075	-0.000868972	0.586405917590825	-0.149776917590825	0.1	ms3	unbalanced	protein_drop_naive_robust_noridge_msqrob2	protein	drop	naive	TRUE	FALSE	msqrob2
0.5 - 0.125	4231	40	4191	0	21	21	0	0	0.525	1.120735	0.46023225	-0.00346483	2	-0.879265	0.01	ms3	unbalanced	protein_drop_dupcor_mixture_ls_noridge_limma	protein	drop	dupcor_mixture	FALSE	FALSE	limma
0.667 - 0.125	4176	40	4136	0	42	24	18	0.428571428571429	0.6	1.43378	0.5374025	-0.0044418	2.41359408240918	-0.979814082409175	0.01	ms3	unbalanced	protein_drop_dupcor_mixture_ls_noridge_limma	protein	drop	dupcor_mixture	FALSE	FALSE	limma
0.667 - 0.5	4177	40	4137	0	2	0	2	1	0	0.331924	0.2383945	-0.00153465	0.413594082409175	-0.0816700824091752	0.01	ms3	unbalanced	protein_drop_dupcor_mixture_ls_noridge_limma	protein	drop	dupcor_mixture	FALSE	FALSE	limma
1 - 0.125	4176	40	4136	0	40	30	10	0.25	0.75	1.9048	0.576115	-0.004809405	3	-1.0952	0.01	ms3	unbalanced	protein_drop_dupcor_mixture_ls_noridge_limma	protein	drop	dupcor_mixture	FALSE	FALSE	limma
1 - 0.5	4176	40	4136	0	12	7	5	0.416666666666667	0.175	0.781918	0.273045	-0.003036105	1	-0.218082	0.01	ms3	unbalanced	protein_drop_dupcor_mixture_ls_noridge_limma	protein	drop	dupcor_mixture	FALSE	FALSE	limma
1 - 0.667	4238	40	4198	0	1	1	0	0	0.025	0.427445	0.1150035	-0.00130041	0.586405917590825	-0.158960917590825	0.01	ms3	unbalanced	protein_drop_dupcor_mixture_ls_noridge_limma	protein	drop	dupcor_mixture	FALSE	FALSE	limma
0.5 - 0.125	4231	40	4191	0	26	26	0	0	0.65	1.120735	0.46023225	-0.00346483	2	-0.879265	0.05	ms3	unbalanced	protein_drop_dupcor_mixture_ls_noridge_limma	protein	drop	dupcor_mixture	FALSE	FALSE	limma
0.667 - 0.125	4176	40	4136	0	62	29	33	0.532258064516129	0.725	1.43378	0.5374025	-0.0044418	2.41359408240918	-0.979814082409175	0.05	ms3	unbalanced	protein_drop_dupcor_mixture_ls_noridge_limma	protein	drop	dupcor_mixture	FALSE	FALSE	limma
0.667 - 0.5	4177	40	4137	0	25	0	25	1	0	0.331924	0.2383945	-0.00153465	0.413594082409175	-0.0816700824091752	0.05	ms3	unbalanced	protein_drop_dupcor_mixture_ls_noridge_limma	protein	drop	dupcor_mixture	FALSE	FALSE	limma
1 - 0.125	4176	40	4136	0	56	31	25	0.446428571428571	0.775	1.9048	0.576115	-0.004809405	3	-1.0952	0.05	ms3	unbalanced	protein_drop_dupcor_mixture_ls_noridge_limma	protein	drop	dupcor_mixture	FALSE	FALSE	limma
1 - 0.5	4176	40	4136	0	31	11	20	0.645161290322581	0.275	0.781918	0.273045	-0.003036105	1	-0.218082	0.05	ms3	unbalanced	protein_drop_dupcor_mixture_ls_noridge_limma	protein	drop	dupcor_mixture	FALSE	FALSE	limma
1 - 0.667	4238	40	4198	0	3	3	0	0	0.075	0.427445	0.1150035	-0.00130041	0.586405917590825	-0.158960917590825	0.05	ms3	unbalanced	protein_drop_dupcor_mixture_ls_noridge_limma	protein	drop	dupcor_mixture	FALSE	FALSE	limma
0.5 - 0.125	4231	40	4191	0	28	28	0	0	0.7	1.120735	0.46023225	-0.00346483	2	-0.879265	0.1	ms3	unbalanced	protein_drop_dupcor_mixture_ls_noridge_limma	protein	drop	dupcor_mixture	FALSE	FALSE	limma
0.667 - 0.125	4176	40	4136	0	74	30	44	0.594594594594595	0.75	1.43378	0.5374025	-0.0044418	2.41359408240918	-0.979814082409175	0.1	ms3	unbalanced	protein_drop_dupcor_mixture_ls_noridge_limma	protein	drop	dupcor_mixture	FALSE	FALSE	limma
0.667 - 0.5	4177	40	4137	0	30	0	30	1	0	0.331924	0.2383945	-0.00153465	0.413594082409175	-0.0816700824091752	0.1	ms3	unbalanced	protein_drop_dupcor_mixture_ls_noridge_limma	protein	drop	dupcor_mixture	FALSE	FALSE	limma
1 - 0.125	4176	40	4136	0	76	35	41	0.539473684210526	0.875	1.9048	0.576115	-0.004809405	3	-1.0952	0.1	ms3	unbalanced	protein_drop_dupcor_mixture_ls_noridge_limma	protein	drop	dupcor_mixture	FALSE	FALSE	limma
1 - 0.5	4176	40	4136	0	38	12	26	0.68421052631579	0.3	0.781918	0.273045	-0.003036105	1	-0.218082	0.1	ms3	unbalanced	protein_drop_dupcor_mixture_ls_noridge_limma	protein	drop	dupcor_mixture	FALSE	FALSE	limma
1 - 0.667	4238	40	4198	0	3	3	0	0	0.075	0.427445	0.1150035	-0.00130041	0.586405917590825	-0.158960917590825	0.1	ms3	unbalanced	protein_drop_dupcor_mixture_ls_noridge_limma	protein	drop	dupcor_mixture	FALSE	FALSE	limma
0.5 - 0.125	4837	40	4797	44	41	40	1	0.024390243902439	1	0.500021	0.24054925	-0.00554146	2	-1.499979	0.01	ms2	balanced	protein_drop_mixed_robust_noridge_msqrob2	protein	drop	mixed	TRUE	FALSE	msqrob2
0.667 - 0.125	4837	40	4797	44	45	40	5	0.111111111111111	1	0.700259	0.3005705	-0.00448137	2.41359408240918	-1.71333508240918	0.01	ms2	balanced	protein_drop_mixed_robust_noridge_msqrob2	protein	drop	mixed	TRUE	FALSE	msqrob2
0.667 - 0.5	4837	40	4797	44	33	33	0	0	0.825	0.1818685	0.06749075	0.00121184	0.413594082409175	-0.231725582409175	0.01	ms2	balanced	protein_drop_mixed_robust_noridge_msqrob2	protein	drop	mixed	TRUE	FALSE	msqrob2
1 - 0.125	4837	40	4797	44	54	40	14	0.259259259259259	1	0.9782335	0.3777075	-0.00839409	3	-2.0217665	0.01	ms2	balanced	protein_drop_mixed_robust_noridge_msqrob2	protein	drop	mixed	TRUE	FALSE	msqrob2
1 - 0.5	4837	40	4797	44	45	40	5	0.111111111111111	1	0.452157	0.1453575	-0.00334481	1	-0.547843	0.01	ms2	balanced	protein_drop_mixed_robust_noridge_msqrob2	protein	drop	mixed	TRUE	FALSE	msqrob2
1 - 0.667	4837	40	4797	44	41	40	1	0.024390243902439	1	0.2859825	0.0968635	-0.00385968	0.586405917590825	-0.300423417590825	0.01	ms2	balanced	protein_drop_mixed_robust_noridge_msqrob2	protein	drop	mixed	TRUE	FALSE	msqrob2
0.5 - 0.125	4837	40	4797	44	48	40	8	0.166666666666667	1	0.500021	0.24054925	-0.00554146	2	-1.499979	0.05	ms2	balanced	protein_drop_mixed_robust_noridge_msqrob2	protein	drop	mixed	TRUE	FALSE	msqrob2
0.667 - 0.125	4837	40	4797	44	46	40	6	0.130434782608696	1	0.700259	0.3005705	-0.00448137	2.41359408240918	-1.71333508240918	0.05	ms2	balanced	protein_drop_mixed_robust_noridge_msqrob2	protein	drop	mixed	TRUE	FALSE	msqrob2
0.667 - 0.5	4837	40	4797	44	37	35	2	0.0540540540540541	0.875	0.1818685	0.06749075	0.00121184	0.413594082409175	-0.231725582409175	0.05	ms2	balanced	protein_drop_mixed_robust_noridge_msqrob2	protein	drop	mixed	TRUE	FALSE	msqrob2
1 - 0.125	4837	40	4797	44	77	40	37	0.480519480519481	1	0.9782335	0.3777075	-0.00839409	3	-2.0217665	0.05	ms2	balanced	protein_drop_mixed_robust_noridge_msqrob2	protein	drop	mixed	TRUE	FALSE	msqrob2
1 - 0.5	4837	40	4797	44	50	40	10	0.2	1	0.452157	0.1453575	-0.00334481	1	-0.547843	0.05	ms2	balanced	protein_drop_mixed_robust_noridge_msqrob2	protein	drop	mixed	TRUE	FALSE	msqrob2
1 - 0.667	4837	40	4797	44	56	40	16	0.285714285714286	1	0.2859825	0.0968635	-0.00385968	0.586405917590825	-0.300423417590825	0.05	ms2	balanced	protein_drop_mixed_robust_noridge_msqrob2	protein	drop	mixed	TRUE	FALSE	msqrob2
0.5 - 0.125	4837	40	4797	44	62	40	22	0.354838709677419	1	0.500021	0.24054925	-0.00554146	2	-1.499979	0.1	ms2	balanced	protein_drop_mixed_robust_noridge_msqrob2	protein	drop	mixed	TRUE	FALSE	msqrob2
0.667 - 0.125	4837	40	4797	44	58	40	18	0.310344827586207	1	0.700259	0.3005705	-0.00448137	2.41359408240918	-1.71333508240918	0.1	ms2	balanced	protein_drop_mixed_robust_noridge_msqrob2	protein	drop	mixed	TRUE	FALSE	msqrob2
0.667 - 0.5	4837	40	4797	44	40	36	4	0.1	0.9	0.1818685	0.06749075	0.00121184	0.413594082409175	-0.231725582409175	0.1	ms2	balanced	protein_drop_mixed_robust_noridge_msqrob2	protein	drop	mixed	TRUE	FALSE	msqrob2
1 - 0.125	4837	40	4797	44	130	40	90	0.692307692307692	1	0.9782335	0.3777075	-0.00839409	3	-2.0217665	0.1	ms2	balanced	protein_drop_mixed_robust_noridge_msqrob2	protein	drop	mixed	TRUE	FALSE	msqrob2
1 - 0.5	4837	40	4797	44	55	40	15	0.272727272727273	1	0.452157	0.1453575	-0.00334481	1	-0.547843	0.1	ms2	balanced	protein_drop_mixed_robust_noridge_msqrob2	protein	drop	mixed	TRUE	FALSE	msqrob2
1 - 0.667	4837	40	4797	44	60	40	20	0.333333333333333	1	0.2859825	0.0968635	-0.00385968	0.586405917590825	-0.300423417590825	0.1	ms2	balanced	protein_drop_mixed_robust_noridge_msqrob2	protein	drop	mixed	TRUE	FALSE	msqrob2
0.5 - 0.125	4881	40	4841	0	15	15	0	0	0.375	0.529977	0.25355525	-0.00557634	2	-1.470023	0.01	ms2	balanced	protein_drop_naive_robust_noridge_msqrob2	protein	drop	naive	TRUE	FALSE	msqrob2
0.667 - 0.125	4881	40	4841	0	25	25	0	0	0.625	0.721312	0.3081535	-0.00447222	2.41359408240918	-1.69228208240918	0.01	ms2	balanced	protein_drop_naive_robust_noridge_msqrob2	protein	drop	naive	TRUE	FALSE	msqrob2
0.667 - 0.5	4881	40	4841	0	0	0	0	NA	0	0.1816025	0.0659805	0.00116515	0.413594082409175	-0.231991582409175	0.01	ms2	balanced	protein_drop_naive_robust_noridge_msqrob2	protein	drop	naive	TRUE	FALSE	msqrob2
1 - 0.125	4881	40	4841	0	31	31	0	0	0.775	1.012485	0.38382725	-0.00876129	3	-1.987515	0.01	ms2	balanced	protein_drop_naive_robust_noridge_msqrob2	protein	drop	naive	TRUE	FALSE	msqrob2
1 - 0.5	4881	40	4841	0	7	7	0	0	0.175	0.4611645	0.1573245	-0.00330068	1	-0.5388355	0.01	ms2	balanced	protein_drop_naive_robust_noridge_msqrob2	protein	drop	naive	TRUE	FALSE	msqrob2
1 - 0.667	4881	40	4841	0	1	1	0	0	0.025	0.283836	0.087092	-0.00423887	0.586405917590825	-0.302569917590825	0.01	ms2	balanced	protein_drop_naive_robust_noridge_msqrob2	protein	drop	naive	TRUE	FALSE	msqrob2
0.5 - 0.125	4881	40	4841	0	18	18	0	0	0.45	0.529977	0.25355525	-0.00557634	2	-1.470023	0.05	ms2	balanced	protein_drop_naive_robust_noridge_msqrob2	protein	drop	naive	TRUE	FALSE	msqrob2
0.667 - 0.125	4881	40	4841	0	28	28	0	0	0.7	0.721312	0.3081535	-0.00447222	2.41359408240918	-1.69228208240918	0.05	ms2	balanced	protein_drop_naive_robust_noridge_msqrob2	protein	drop	naive	TRUE	FALSE	msqrob2
0.667 - 0.5	4881	40	4841	0	0	0	0	NA	0	0.1816025	0.0659805	0.00116515	0.413594082409175	-0.231991582409175	0.05	ms2	balanced	protein_drop_naive_robust_noridge_msqrob2	protein	drop	naive	TRUE	FALSE	msqrob2
1 - 0.125	4881	40	4841	0	32	32	0	0	0.8	1.012485	0.38382725	-0.00876129	3	-1.987515	0.05	ms2	balanced	protein_drop_naive_robust_noridge_msqrob2	protein	drop	naive	TRUE	FALSE	msqrob2
1 - 0.5	4881	40	4841	0	10	10	0	0	0.25	0.4611645	0.1573245	-0.00330068	1	-0.5388355	0.05	ms2	balanced	protein_drop_naive_robust_noridge_msqrob2	protein	drop	naive	TRUE	FALSE	msqrob2
1 - 0.667	4881	40	4841	0	1	1	0	0	0.025	0.283836	0.087092	-0.00423887	0.586405917590825	-0.302569917590825	0.05	ms2	balanced	protein_drop_naive_robust_noridge_msqrob2	protein	drop	naive	TRUE	FALSE	msqrob2
0.5 - 0.125	4881	40	4841	0	18	18	0	0	0.45	0.529977	0.25355525	-0.00557634	2	-1.470023	0.1	ms2	balanced	protein_drop_naive_robust_noridge_msqrob2	protein	drop	naive	TRUE	FALSE	msqrob2
0.667 - 0.125	4881	40	4841	0	30	30	0	0	0.75	0.721312	0.3081535	-0.00447222	2.41359408240918	-1.69228208240918	0.1	ms2	balanced	protein_drop_naive_robust_noridge_msqrob2	protein	drop	naive	TRUE	FALSE	msqrob2
0.667 - 0.5	4881	40	4841	0	0	0	0	NA	0	0.1816025	0.0659805	0.00116515	0.413594082409175	-0.231991582409175	0.1	ms2	balanced	protein_drop_naive_robust_noridge_msqrob2	protein	drop	naive	TRUE	FALSE	msqrob2
1 - 0.125	4881	40	4841	0	34	34	0	0	0.85	1.012485	0.38382725	-0.00876129	3	-1.987515	0.1	ms2	balanced	protein_drop_naive_robust_noridge_msqrob2	protein	drop	naive	TRUE	FALSE	msqrob2
1 - 0.5	4881	40	4841	0	14	14	0	0	0.35	0.4611645	0.1573245	-0.00330068	1	-0.5388355	0.1	ms2	balanced	protein_drop_naive_robust_noridge_msqrob2	protein	drop	naive	TRUE	FALSE	msqrob2
1 - 0.667	4881	40	4841	0	2	2	0	0	0.05	0.283836	0.087092	-0.00423887	0.586405917590825	-0.302569917590825	0.1	ms2	balanced	protein_drop_naive_robust_noridge_msqrob2	protein	drop	naive	TRUE	FALSE	msqrob2
0.5 - 0.125	4881	40	4841	0	20	20	0	0	0.5	0.503383	0.233856	-0.00572011	2	-1.496617	0.01	ms2	balanced	protein_drop_dupcor_mixture_ls_noridge_limma	protein	drop	dupcor_mixture	FALSE	FALSE	limma
0.667 - 0.125	4881	40	4841	0	29	29	0	0	0.725	0.7021115	0.3044875	-0.00417934	2.41359408240918	-1.71148258240918	0.01	ms2	balanced	protein_drop_dupcor_mixture_ls_noridge_limma	protein	drop	dupcor_mixture	FALSE	FALSE	limma
0.667 - 0.5	4881	40	4841	0	1	1	0	0	0.025	0.180626	0.06988775	0.00121974	0.413594082409175	-0.232968082409175	0.01	ms2	balanced	protein_drop_dupcor_mixture_ls_noridge_limma	protein	drop	dupcor_mixture	FALSE	FALSE	limma
1 - 0.125	4881	40	4841	0	33	33	0	0	0.825	0.981821	0.3673475	-0.00881222	3	-2.018179	0.01	ms2	balanced	protein_drop_dupcor_mixture_ls_noridge_limma	protein	drop	dupcor_mixture	FALSE	FALSE	limma
1 - 0.5	4881	40	4841	0	16	16	0	0	0.4	0.4553275	0.14273525	-0.00331966	1	-0.5446725	0.01	ms2	balanced	protein_drop_dupcor_mixture_ls_noridge_limma	protein	drop	dupcor_mixture	FALSE	FALSE	limma
1 - 0.667	4881	40	4841	0	2	2	0	0	0.05	0.289732	0.08978325	-0.00428303	0.586405917590825	-0.296673917590825	0.01	ms2	balanced	protein_drop_dupcor_mixture_ls_noridge_limma	protein	drop	dupcor_mixture	FALSE	FALSE	limma
0.5 - 0.125	4881	40	4841	0	26	26	0	0	0.65	0.503383	0.233856	-0.00572011	2	-1.496617	0.05	ms2	balanced	protein_drop_dupcor_mixture_ls_noridge_limma	protein	drop	dupcor_mixture	FALSE	FALSE	limma
0.667 - 0.125	4881	40	4841	0	30	30	0	0	0.75	0.7021115	0.3044875	-0.00417934	2.41359408240918	-1.71148258240918	0.05	ms2	balanced	protein_drop_dupcor_mixture_ls_noridge_limma	protein	drop	dupcor_mixture	FALSE	FALSE	limma
0.667 - 0.5	4881	40	4841	0	1	1	0	0	0.025	0.180626	0.06988775	0.00121974	0.413594082409175	-0.232968082409175	0.05	ms2	balanced	protein_drop_dupcor_mixture_ls_noridge_limma	protein	drop	dupcor_mixture	FALSE	FALSE	limma
1 - 0.125	4881	40	4841	0	36	36	0	0	0.9	0.981821	0.3673475	-0.00881222	3	-2.018179	0.05	ms2	balanced	protein_drop_dupcor_mixture_ls_noridge_limma	protein	drop	dupcor_mixture	FALSE	FALSE	limma
1 - 0.5	4881	40	4841	0	22	20	2	0.0909090909090909	0.5	0.4553275	0.14273525	-0.00331966	1	-0.5446725	0.05	ms2	balanced	protein_drop_dupcor_mixture_ls_noridge_limma	protein	drop	dupcor_mixture	FALSE	FALSE	limma
1 - 0.667	4881	40	4841	0	4	4	0	0	0.1	0.289732	0.08978325	-0.00428303	0.586405917590825	-0.296673917590825	0.05	ms2	balanced	protein_drop_dupcor_mixture_ls_noridge_limma	protein	drop	dupcor_mixture	FALSE	FALSE	limma
0.5 - 0.125	4881	40	4841	0	26	26	0	0	0.65	0.503383	0.233856	-0.00572011	2	-1.496617	0.1	ms2	balanced	protein_drop_dupcor_mixture_ls_noridge_limma	protein	drop	dupcor_mixture	FALSE	FALSE	limma
0.667 - 0.125	4881	40	4841	0	32	31	1	0.03125	0.775	0.7021115	0.3044875	-0.00417934	2.41359408240918	-1.71148258240918	0.1	ms2	balanced	protein_drop_dupcor_mixture_ls_noridge_limma	protein	drop	dupcor_mixture	FALSE	FALSE	limma
0.667 - 0.5	4881	40	4841	0	1	1	0	0	0.025	0.180626	0.06988775	0.00121974	0.413594082409175	-0.232968082409175	0.1	ms2	balanced	protein_drop_dupcor_mixture_ls_noridge_limma	protein	drop	dupcor_mixture	FALSE	FALSE	limma
1 - 0.125	4881	40	4841	0	36	36	0	0	0.9	0.981821	0.3673475	-0.00881222	3	-2.018179	0.1	ms2	balanced	protein_drop_dupcor_mixture_ls_noridge_limma	protein	drop	dupcor_mixture	FALSE	FALSE	limma
1 - 0.5	4881	40	4841	0	24	22	2	0.0833333333333333	0.55	0.4553275	0.14273525	-0.00331966	1	-0.5446725	0.1	ms2	balanced	protein_drop_dupcor_mixture_ls_noridge_limma	protein	drop	dupcor_mixture	FALSE	FALSE	limma
1 - 0.667	4881	40	4841	0	6	6	0	0	0.15	0.289732	0.08978325	-0.00428303	0.586405917590825	-0.296673917590825	0.1	ms2	balanced	protein_drop_dupcor_mixture_ls_noridge_limma	protein	drop	dupcor_mixture	FALSE	FALSE	limma
